algorithm,input_type,n,trial,time_ns,time_ms,max_depth,comparisons,swaps,moves,allocations,recursive_calls
MergeSort,RANDOM,100,0,1900,0.001900,4,668,0,999,100,15
MergeSort,RANDOM,100,1,2100,0.002100,4,668,0,999,100,15
MergeSort,RANDOM,100,2,1400,0.001400,4,668,0,999,100,15
MergeSort,RANDOM,100,3,1300,0.001300,4,668,0,999,100,15
MergeSort,RANDOM,100,4,2000,0.002000,4,668,0,999,100,15
MergeSort,RANDOM,100,5,3200,0.003200,4,668,0,999,100,15
MergeSort,RANDOM,100,6,1800,0.001800,4,668,0,999,100,15
QuickSort,RANDOM,100,0,1200,0.001200,3,670,84,491,0,10
QuickSort,RANDOM,100,1,1400,0.001400,3,670,84,491,0,10
QuickSort,RANDOM,100,2,5000,0.005000,3,670,84,491,0,10
QuickSort,RANDOM,100,3,1900,0.001900,3,670,84,491,0,10
QuickSort,RANDOM,100,4,1200,0.001200,3,670,84,491,0,10
QuickSort,RANDOM,100,5,1100,0.001100,3,670,84,491,0,10
QuickSort,RANDOM,100,6,1100,0.001100,3,670,84,491,0,10
Arrays.sort,RANDOM,100,0,3500,0.003500,0,0,0,0,0,0
Arrays.sort,RANDOM,100,1,4900,0.004900,0,0,0,0,0,0
Arrays.sort,RANDOM,100,2,4500,0.004500,0,0,0,0,0,0
Arrays.sort,RANDOM,100,3,4100,0.004100,0,0,0,0,0,0
Arrays.sort,RANDOM,100,4,3700,0.003700,0,0,0,0,0,0
Arrays.sort,RANDOM,100,5,3900,0.003900,0,0,0,0,0,0
Arrays.sort,RANDOM,100,6,3600,0.003600,0,0,0,0,0,0
MergeSort,RANDOM,500,0,8000,0.008000,6,4832,0,7432,500,63
MergeSort,RANDOM,500,1,8400,0.008400,6,4832,0,7432,500,63
MergeSort,RANDOM,500,2,8200,0.008200,6,4832,0,7432,500,63
MergeSort,RANDOM,500,3,11500,0.011500,6,4832,0,7432,500,63
MergeSort,RANDOM,500,4,14700,0.014700,6,4832,0,7432,500,63
MergeSort,RANDOM,500,5,21100,0.021100,6,4832,0,7432,500,63
MergeSort,RANDOM,500,6,15000,0.015000,6,4832,0,7432,500,63
QuickSort,RANDOM,500,0,7100,0.007100,5,5687,731,3208,0,60
QuickSort,RANDOM,500,1,7800,0.007800,5,5687,731,3208,0,60
QuickSort,RANDOM,500,2,6800,0.006800,5,5687,731,3208,0,60
QuickSort,RANDOM,500,3,6600,0.006600,5,5687,731,3208,0,60
QuickSort,RANDOM,500,4,6900,0.006900,5,5687,731,3208,0,60
QuickSort,RANDOM,500,5,6700,0.006700,5,5687,731,3208,0,60
QuickSort,RANDOM,500,6,7300,0.007300,5,5687,731,3208,0,60
Arrays.sort,RANDOM,500,0,6000,0.006000,0,0,0,0,0,0
Arrays.sort,RANDOM,500,1,6600,0.006600,0,0,0,0,0,0
Arrays.sort,RANDOM,500,2,6000,0.006000,0,0,0,0,0,0
Arrays.sort,RANDOM,500,3,14600,0.014600,0,0,0,0,0,0
Arrays.sort,RANDOM,500,4,6000,0.006000,0,0,0,0,0,0
Arrays.sort,RANDOM,500,5,6000,0.006000,0,0,0,0,0,0
Arrays.sort,RANDOM,500,6,6000,0.006000,0,0,0,0,0,0
MergeSort,RANDOM,1000,0,16900,0.016900,7,10306,0,16489,1000,127
MergeSort,RANDOM,1000,1,17100,0.017100,7,10306,0,16489,1000,127
MergeSort,RANDOM,1000,2,16700,0.016700,7,10306,0,16489,1000,127
MergeSort,RANDOM,1000,3,16700,0.016700,7,10306,0,16489,1000,127
MergeSort,RANDOM,1000,4,16500,0.016500,7,10306,0,16489,1000,127
MergeSort,RANDOM,1000,5,16500,0.016500,7,10306,0,16489,1000,127
MergeSort,RANDOM,1000,6,41900,0.041900,7,10306,0,16489,1000,127
QuickSort,RANDOM,1000,0,14100,0.014100,5,11962,1679,6819,0,122
QuickSort,RANDOM,1000,1,16800,0.016800,5,11962,1679,6819,0,122
QuickSort,RANDOM,1000,2,21400,0.021400,5,11962,1679,6819,0,122
QuickSort,RANDOM,1000,3,21200,0.021200,5,11962,1679,6819,0,122
QuickSort,RANDOM,1000,4,18900,0.018900,5,11962,1679,6819,0,122
QuickSort,RANDOM,1000,5,17300,0.017300,5,11962,1679,6819,0,122
QuickSort,RANDOM,1000,6,16500,0.016500,5,11962,1679,6819,0,122
Arrays.sort,RANDOM,1000,0,10600,0.010600,0,0,0,0,0,0
Arrays.sort,RANDOM,1000,1,10500,0.010500,0,0,0,0,0,0
Arrays.sort,RANDOM,1000,2,10500,0.010500,0,0,0,0,0,0
Arrays.sort,RANDOM,1000,3,10600,0.010600,0,0,0,0,0,0
Arrays.sort,RANDOM,1000,4,10600,0.010600,0,0,0,0,0,0
Arrays.sort,RANDOM,1000,5,10500,0.010500,0,0,0,0,0,0
Arrays.sort,RANDOM,1000,6,11600,0.011600,0,0,0,0,0,0
MergeSort,RANDOM,5000,0,235000,0.235000,10,58960,0,105468,5000,1023
MergeSort,RANDOM,5000,1,230500,0.230500,10,58960,0,105468,5000,1023
MergeSort,RANDOM,5000,2,229800,0.229800,10,58960,0,105468,5000,1023
MergeSort,RANDOM,5000,3,230500,0.230500,10,58960,0,105468,5000,1023
MergeSort,RANDOM,5000,4,395900,0.395900,10,58960,0,105468,5000,1023
MergeSort,RANDOM,5000,5,269500,0.269500,10,58960,0,105468,5000,1023
MergeSort,RANDOM,5000,6,252400,0.252400,10,58960,0,105468,5000,1023
QuickSort,RANDOM,5000,0,208600,0.208600,7,80824,11003,39215,0,602
QuickSort,RANDOM,5000,1,209800,0.209800,7,80824,11003,39215,0,602
QuickSort,RANDOM,5000,2,207000,0.207000,7,80824,11003,39215,0,602
QuickSort,RANDOM,5000,3,236800,0.236800,7,80824,11003,39215,0,602
QuickSort,RANDOM,5000,4,232700,0.232700,7,80824,11003,39215,0,602
QuickSort,RANDOM,5000,5,222900,0.222900,7,80824,11003,39215,0,602
QuickSort,RANDOM,5000,6,220000,0.220000,7,80824,11003,39215,0,602
Arrays.sort,RANDOM,5000,0,149400,0.149400,0,0,0,0,0,0
Arrays.sort,RANDOM,5000,1,146700,0.146700,0,0,0,0,0,0
Arrays.sort,RANDOM,5000,2,155900,0.155900,0,0,0,0,0,0
Arrays.sort,RANDOM,5000,3,152600,0.152600,0,0,0,0,0,0
Arrays.sort,RANDOM,5000,4,173000,0.173000,0,0,0,0,0,0
Arrays.sort,RANDOM,5000,5,167900,0.167900,0,0,0,0,0,0
Arrays.sort,RANDOM,5000,6,160100,0.160100,0,0,0,0,0,0
MergeSort,RANDOM,10000,0,539300,0.539300,11,127851,0,230690,10000,2047
MergeSort,RANDOM,10000,1,535900,0.535900,11,127851,0,230690,10000,2047
MergeSort,RANDOM,10000,2,539100,0.539100,11,127851,0,230690,10000,2047
MergeSort,RANDOM,10000,3,536500,0.536500,11,127851,0,230690,10000,2047
MergeSort,RANDOM,10000,4,532800,0.532800,11,127851,0,230690,10000,2047
MergeSort,RANDOM,10000,5,542100,0.542100,11,127851,0,230690,10000,2047
MergeSort,RANDOM,10000,6,541900,0.541900,11,127851,0,230690,10000,2047
QuickSort,RANDOM,10000,0,474800,0.474800,8,170331,24522,83758,0,1220
QuickSort,RANDOM,10000,1,473500,0.473500,8,170331,24522,83758,0,1220
QuickSort,RANDOM,10000,2,507700,0.507700,8,170331,24522,83758,0,1220
QuickSort,RANDOM,10000,3,494600,0.494600,8,170331,24522,83758,0,1220
QuickSort,RANDOM,10000,4,482000,0.482000,8,170331,24522,83758,0,1220
QuickSort,RANDOM,10000,5,476200,0.476200,8,170331,24522,83758,0,1220
QuickSort,RANDOM,10000,6,468900,0.468900,8,170331,24522,83758,0,1220
Arrays.sort,RANDOM,10000,0,506500,0.506500,0,0,0,0,0,0
Arrays.sort,RANDOM,10000,1,376300,0.376300,0,0,0,0,0,0
Arrays.sort,RANDOM,10000,2,403000,0.403000,0,0,0,0,0,0
Arrays.sort,RANDOM,10000,3,390200,0.390200,0,0,0,0,0,0
Arrays.sort,RANDOM,10000,4,557500,0.557500,0,0,0,0,0,0
Arrays.sort,RANDOM,10000,5,400800,0.400800,0,0,0,0,0,0
Arrays.sort,RANDOM,10000,6,369900,0.369900,0,0,0,0,0,0
MergeSort,RANDOM,50000,0,3195400,3.195400,13,773379,0,1385718,50000,8191
MergeSort,RANDOM,50000,1,3151100,3.151100,13,773379,0,1385718,50000,8191
MergeSort,RANDOM,50000,2,3133800,3.133800,13,773379,0,1385718,50000,8191
MergeSort,RANDOM,50000,3,3273300,3.273300,13,773379,0,1385718,50000,8191
MergeSort,RANDOM,50000,4,3149800,3.149800,13,773379,0,1385718,50000,8191
MergeSort,RANDOM,50000,5,3138600,3.138600,13,773379,0,1385718,50000,8191
MergeSort,RANDOM,50000,6,3137300,3.137300,13,773379,0,1385718,50000,8191
QuickSort,RANDOM,50000,0,2840900,2.840900,9,1072941,147912,470293,0,6023
QuickSort,RANDOM,50000,1,2853400,2.853400,9,1072941,147912,470293,0,6023
QuickSort,RANDOM,50000,2,3018300,3.018300,9,1072941,147912,470293,0,6023
QuickSort,RANDOM,50000,3,2794600,2.794600,9,1072941,147912,470293,0,6023
QuickSort,RANDOM,50000,4,2831200,2.831200,9,1072941,147912,470293,0,6023
QuickSort,RANDOM,50000,5,2904700,2.904700,9,1072941,147912,470293,0,6023
QuickSort,RANDOM,50000,6,2809500,2.809500,9,1072941,147912,470293,0,6023
Arrays.sort,RANDOM,50000,0,2271900,2.271900,0,0,0,0,0,0
Arrays.sort,RANDOM,50000,1,2141300,2.141300,0,0,0,0,0,0
Arrays.sort,RANDOM,50000,2,2142000,2.142000,0,0,0,0,0,0
Arrays.sort,RANDOM,50000,3,2101100,2.101100,0,0,0,0,0,0
Arrays.sort,RANDOM,50000,4,2191000,2.191000,0,0,0,0,0,0
Arrays.sort,RANDOM,50000,5,2091400,2.091400,0,0,0,0,0,0
Arrays.sort,RANDOM,50000,6,2089000,2.089000,0,0,0,0,0,0
MergeSort,RANDOM,100000,0,7095600,7.095600,14,1646937,0,2971397,100000,16383
MergeSort,RANDOM,100000,1,6902600,6.902600,14,1646937,0,2971397,100000,16383
MergeSort,RANDOM,100000,2,7038800,7.038800,14,1646937,0,2971397,100000,16383
MergeSort,RANDOM,100000,3,6844500,6.844500,14,1646937,0,2971397,100000,16383
MergeSort,RANDOM,100000,4,6958700,6.958700,14,1646937,0,2971397,100000,16383
MergeSort,RANDOM,100000,5,7069800,7.069800,14,1646937,0,2971397,100000,16383
MergeSort,RANDOM,100000,6,6918200,6.918200,14,1646937,0,2971397,100000,16383
QuickSort,RANDOM,100000,0,6329100,6.329100,9,2211863,318222,985700,0,12078
QuickSort,RANDOM,100000,1,5921000,5.921000,9,2211863,318222,985700,0,12078
QuickSort,RANDOM,100000,2,6110900,6.110900,9,2211863,318222,985700,0,12078
QuickSort,RANDOM,100000,3,5930500,5.930500,9,2211863,318222,985700,0,12078
QuickSort,RANDOM,100000,4,5866100,5.866100,9,2211863,318222,985700,0,12078
QuickSort,RANDOM,100000,5,6195200,6.195200,9,2211863,318222,985700,0,12078
QuickSort,RANDOM,100000,6,5906900,5.906900,9,2211863,318222,985700,0,12078
Arrays.sort,RANDOM,100000,0,4346500,4.346500,0,0,0,0,0,0
Arrays.sort,RANDOM,100000,1,4350900,4.350900,0,0,0,0,0,0
Arrays.sort,RANDOM,100000,2,4848900,4.848900,0,0,0,0,0,0
Arrays.sort,RANDOM,100000,3,4358200,4.358200,0,0,0,0,0,0
Arrays.sort,RANDOM,100000,4,4412400,4.412400,0,0,0,0,0,0
Arrays.sort,RANDOM,100000,5,4672800,4.672800,0,0,0,0,0,0
Arrays.sort,RANDOM,100000,6,4328500,4.328500,0,0,0,0,0,0
MergeSort,RANDOM,200000,0,14891400,14.891400,15,3494037,0,6343527,200000,32767
MergeSort,RANDOM,200000,1,14479900,14.479900,15,3494037,0,6343527,200000,32767
MergeSort,RANDOM,200000,2,14923600,14.923600,15,3494037,0,6343527,200000,32767
MergeSort,RANDOM,200000,3,14533100,14.533100,15,3494037,0,6343527,200000,32767
MergeSort,RANDOM,200000,4,14905600,14.905600,15,3494037,0,6343527,200000,32767
MergeSort,RANDOM,200000,5,14696500,14.696500,15,3494037,0,6343527,200000,32767
MergeSort,RANDOM,200000,6,14567600,14.567600,15,3494037,0,6343527,200000,32767
QuickSort,RANDOM,200000,0,12725100,12.725100,11,4640943,688510,2075125,0,24095
QuickSort,RANDOM,200000,1,12928800,12.928800,11,4640943,688510,2075125,0,24095
QuickSort,RANDOM,200000,2,12840900,12.840900,11,4640943,688510,2075125,0,24095
QuickSort,RANDOM,200000,3,12637200,12.637200,11,4640943,688510,2075125,0,24095
QuickSort,RANDOM,200000,4,12946700,12.946700,11,4640943,688510,2075125,0,24095
QuickSort,RANDOM,200000,5,13070300,13.070300,11,4640943,688510,2075125,0,24095
QuickSort,RANDOM,200000,6,12985000,12.985000,11,4640943,688510,2075125,0,24095
Arrays.sort,RANDOM,200000,0,9977400,9.977400,0,0,0,0,0,0
Arrays.sort,RANDOM,200000,1,9780600,9.780600,0,0,0,0,0,0
Arrays.sort,RANDOM,200000,2,9873800,9.873800,0,0,0,0,0,0
Arrays.sort,RANDOM,200000,3,9981400,9.981400,0,0,0,0,0,0
Arrays.sort,RANDOM,200000,4,9813800,9.813800,0,0,0,0,0,0
Arrays.sort,RANDOM,200000,5,9753400,9.753400,0,0,0,0,0,0
Arrays.sort,RANDOM,200000,6,9872100,9.872100,0,0,0,0,0,0
MergeSort,SORTED,100,0,500,0.000500,4,99,0,92,100,15
MergeSort,SORTED,100,1,400,0.000400,4,99,0,92,100,15
MergeSort,SORTED,100,2,400,0.000400,4,99,0,92,100,15
MergeSort,SORTED,100,3,1000,0.001000,4,99,0,92,100,15
MergeSort,SORTED,100,4,300,0.000300,4,99,0,92,100,15
MergeSort,SORTED,100,5,300,0.000300,4,99,0,92,100,15
MergeSort,SORTED,100,6,400,0.000400,4,99,0,92,100,15
QuickSort,SORTED,100,0,800,0.000800,4,458,16,123,0,9
QuickSort,SORTED,100,1,800,0.000800,4,458,16,123,0,9
QuickSort,SORTED,100,2,700,0.000700,4,458,16,123,0,9
QuickSort,SORTED,100,3,700,0.000700,4,458,16,123,0,9
QuickSort,SORTED,100,4,600,0.000600,4,458,16,123,0,9
QuickSort,SORTED,100,5,700,0.000700,4,458,16,123,0,9
QuickSort,SORTED,100,6,2700,0.002700,4,458,16,123,0,9
Arrays.sort,SORTED,100,0,400,0.000400,0,0,0,0,0,0
Arrays.sort,SORTED,100,1,400,0.000400,0,0,0,0,0,0
Arrays.sort,SORTED,100,2,300,0.000300,0,0,0,0,0,0
Arrays.sort,SORTED,100,3,800,0.000800,0,0,0,0,0,0
Arrays.sort,SORTED,100,4,300,0.000300,0,0,0,0,0,0
Arrays.sort,SORTED,100,5,300,0.000300,0,0,0,0,0,0
Arrays.sort,SORTED,100,6,300,0.000300,0,0,0,0,0,0
MergeSort,SORTED,500,0,2000,0.002000,6,499,0,468,500,63
MergeSort,SORTED,500,1,2100,0.002100,6,499,0,468,500,63
MergeSort,SORTED,500,2,1100,0.001100,6,499,0,468,500,63
MergeSort,SORTED,500,3,1200,0.001200,6,499,0,468,500,63
MergeSort,SORTED,500,4,1900,0.001900,6,499,0,468,500,63
MergeSort,SORTED,500,5,1000,0.001000,6,499,0,468,500,63
MergeSort,SORTED,500,6,1100,0.001100,6,499,0,468,500,63
QuickSort,SORTED,500,0,4600,0.004600,4,4735,108,658,0,58
QuickSort,SORTED,500,1,4400,0.004400,4,4735,108,658,0,58
QuickSort,SORTED,500,2,4400,0.004400,4,4735,108,658,0,58
QuickSort,SORTED,500,3,4400,0.004400,4,4735,108,658,0,58
QuickSort,SORTED,500,4,4300,0.004300,4,4735,108,658,0,58
QuickSort,SORTED,500,5,4400,0.004400,4,4735,108,658,0,58
QuickSort,SORTED,500,6,4400,0.004400,4,4735,108,658,0,58
Arrays.sort,SORTED,500,0,1000,0.001000,0,0,0,0,0,0
Arrays.sort,SORTED,500,1,1200,0.001200,0,0,0,0,0,0
Arrays.sort,SORTED,500,2,1000,0.001000,0,0,0,0,0,0
Arrays.sort,SORTED,500,3,900,0.000900,0,0,0,0,0,0
Arrays.sort,SORTED,500,4,1000,0.001000,0,0,0,0,0,0
Arrays.sort,SORTED,500,5,900,0.000900,0,0,0,0,0,0
Arrays.sort,SORTED,500,6,900,0.000900,0,0,0,0,0,0
MergeSort,SORTED,1000,0,2700,0.002700,7,999,0,936,1000,127
MergeSort,SORTED,1000,1,2500,0.002500,7,999,0,936,1000,127
MergeSort,SORTED,1000,2,2300,0.002300,7,999,0,936,1000,127
MergeSort,SORTED,1000,3,2200,0.002200,7,999,0,936,1000,127
MergeSort,SORTED,1000,4,2600,0.002600,7,999,0,936,1000,127
MergeSort,SORTED,1000,5,2300,0.002300,7,999,0,936,1000,127
MergeSort,SORTED,1000,6,2300,0.002300,7,999,0,936,1000,127
QuickSort,SORTED,1000,0,9200,0.009200,6,9848,246,1363,0,129
QuickSort,SORTED,1000,1,9300,0.009300,6,9848,246,1363,0,129
QuickSort,SORTED,1000,2,9200,0.009200,6,9848,246,1363,0,129
QuickSort,SORTED,1000,3,9500,0.009500,6,9848,246,1363,0,129
QuickSort,SORTED,1000,4,9200,0.009200,6,9848,246,1363,0,129
QuickSort,SORTED,1000,5,9000,0.009000,6,9848,246,1363,0,129
QuickSort,SORTED,1000,6,9100,0.009100,6,9848,246,1363,0,129
Arrays.sort,SORTED,1000,0,1900,0.001900,0,0,0,0,0,0
Arrays.sort,SORTED,1000,1,2000,0.002000,0,0,0,0,0,0
Arrays.sort,SORTED,1000,2,16000,0.016000,0,0,0,0,0,0
Arrays.sort,SORTED,1000,3,4300,0.004300,0,0,0,0,0,0
Arrays.sort,SORTED,1000,4,1700,0.001700,0,0,0,0,0,0
Arrays.sort,SORTED,1000,5,1700,0.001700,0,0,0,0,0,0
Arrays.sort,SORTED,1000,6,1700,0.001700,0,0,0,0,0,0
MergeSort,SORTED,5000,0,22500,0.022500,10,4999,0,4488,5000,1023
MergeSort,SORTED,5000,1,17600,0.017600,10,4999,0,4488,5000,1023
MergeSort,SORTED,5000,2,16700,0.016700,10,4999,0,4488,5000,1023
MergeSort,SORTED,5000,3,16900,0.016900,10,4999,0,4488,5000,1023
MergeSort,SORTED,5000,4,16600,0.016600,10,4999,0,4488,5000,1023
MergeSort,SORTED,5000,5,17000,0.017000,10,4999,0,4488,5000,1023
MergeSort,SORTED,5000,6,16600,0.016600,10,4999,0,4488,5000,1023
QuickSort,SORTED,5000,0,56100,0.056100,7,65384,1184,6753,0,615
QuickSort,SORTED,5000,1,56000,0.056000,7,65384,1184,6753,0,615
QuickSort,SORTED,5000,2,56200,0.056200,7,65384,1184,6753,0,615
QuickSort,SORTED,5000,3,55800,0.055800,7,65384,1184,6753,0,615
QuickSort,SORTED,5000,4,54600,0.054600,7,65384,1184,6753,0,615
QuickSort,SORTED,5000,5,55200,0.055200,7,65384,1184,6753,0,615
QuickSort,SORTED,5000,6,55100,0.055100,7,65384,1184,6753,0,615
Arrays.sort,SORTED,5000,0,2200,0.002200,0,0,0,0,0,0
Arrays.sort,SORTED,5000,1,2000,0.002000,0,0,0,0,0,0
Arrays.sort,SORTED,5000,2,2000,0.002000,0,0,0,0,0,0
Arrays.sort,SORTED,5000,3,1600,0.001600,0,0,0,0,0,0
Arrays.sort,SORTED,5000,4,900,0.000900,0,0,0,0,0,0
Arrays.sort,SORTED,5000,5,800,0.000800,0,0,0,0,0,0
Arrays.sort,SORTED,5000,6,900,0.000900,0,0,0,0,0,0
MergeSort,SORTED,10000,0,20900,0.020900,11,9999,0,8976,10000,2047
MergeSort,SORTED,10000,1,21700,0.021700,11,9999,0,8976,10000,2047
MergeSort,SORTED,10000,2,21300,0.021300,11,9999,0,8976,10000,2047
MergeSort,SORTED,10000,3,98600,0.098600,11,9999,0,8976,10000,2047
MergeSort,SORTED,10000,4,21600,0.021600,11,9999,0,8976,10000,2047
MergeSort,SORTED,10000,5,38900,0.038900,11,9999,0,8976,10000,2047
MergeSort,SORTED,10000,6,36400,0.036400,11,9999,0,8976,10000,2047
QuickSort,SORTED,10000,0,127400,0.127400,7,152545,2316,13433,0,1199
QuickSort,SORTED,10000,1,129100,0.129100,7,152545,2316,13433,0,1199
QuickSort,SORTED,10000,2,149300,0.149300,7,152545,2316,13433,0,1199
QuickSort,SORTED,10000,3,125900,0.125900,7,152545,2316,13433,0,1199
QuickSort,SORTED,10000,4,126800,0.126800,7,152545,2316,13433,0,1199
QuickSort,SORTED,10000,5,126100,0.126100,7,152545,2316,13433,0,1199
QuickSort,SORTED,10000,6,126500,0.126500,7,152545,2316,13433,0,1199
Arrays.sort,SORTED,10000,0,3800,0.003800,0,0,0,0,0,0
Arrays.sort,SORTED,10000,1,3700,0.003700,0,0,0,0,0,0
Arrays.sort,SORTED,10000,2,3600,0.003600,0,0,0,0,0,0
Arrays.sort,SORTED,10000,3,3600,0.003600,0,0,0,0,0,0
Arrays.sort,SORTED,10000,4,3600,0.003600,0,0,0,0,0,0
Arrays.sort,SORTED,10000,5,3600,0.003600,0,0,0,0,0,0
Arrays.sort,SORTED,10000,6,3500,0.003500,0,0,0,0,0,0
MergeSort,SORTED,50000,0,101800,0.101800,13,49999,0,45904,50000,8191
MergeSort,SORTED,50000,1,95000,0.095000,13,49999,0,45904,50000,8191
MergeSort,SORTED,50000,2,98300,0.098300,13,49999,0,45904,50000,8191
MergeSort,SORTED,50000,3,95800,0.095800,13,49999,0,45904,50000,8191
MergeSort,SORTED,50000,4,93000,0.093000,13,49999,0,45904,50000,8191
MergeSort,SORTED,50000,5,100200,0.100200,13,49999,0,45904,50000,8191
MergeSort,SORTED,50000,6,94400,0.094400,13,49999,0,45904,50000,8191
QuickSort,SORTED,50000,0,735000,0.735000,9,908981,11804,67525,0,6083
QuickSort,SORTED,50000,1,744000,0.744000,9,908981,11804,67525,0,6083
QuickSort,SORTED,50000,2,728200,0.728200,9,908981,11804,67525,0,6083
QuickSort,SORTED,50000,3,735300,0.735300,9,908981,11804,67525,0,6083
QuickSort,SORTED,50000,4,729800,0.729800,9,908981,11804,67525,0,6083
QuickSort,SORTED,50000,5,719800,0.719800,9,908981,11804,67525,0,6083
QuickSort,SORTED,50000,6,741400,0.741400,9,908981,11804,67525,0,6083
Arrays.sort,SORTED,50000,0,7500,0.007500,0,0,0,0,0,0
Arrays.sort,SORTED,50000,1,7600,0.007600,0,0,0,0,0,0
Arrays.sort,SORTED,50000,2,7200,0.007200,0,0,0,0,0,0
Arrays.sort,SORTED,50000,3,7200,0.007200,0,0,0,0,0,0
Arrays.sort,SORTED,50000,4,7300,0.007300,0,0,0,0,0,0
Arrays.sort,SORTED,50000,5,7200,0.007200,0,0,0,0,0,0
Arrays.sort,SORTED,50000,6,7300,0.007300,0,0,0,0,0,0
MergeSort,SORTED,100000,0,188100,0.188100,14,99999,0,91808,100000,16383
MergeSort,SORTED,100000,1,192200,0.192200,14,99999,0,91808,100000,16383
MergeSort,SORTED,100000,2,189300,0.189300,14,99999,0,91808,100000,16383
MergeSort,SORTED,100000,3,188900,0.188900,14,99999,0,91808,100000,16383
MergeSort,SORTED,100000,4,190600,0.190600,14,99999,0,91808,100000,16383
MergeSort,SORTED,100000,5,188700,0.188700,14,99999,0,91808,100000,16383
MergeSort,SORTED,100000,6,188500,0.188500,14,99999,0,91808,100000,16383
QuickSort,SORTED,100000,0,2540700,2.540700,10,1846207,23470,134891,0,12076
QuickSort,SORTED,100000,1,2487900,2.487900,10,1846207,23470,134891,0,12076
QuickSort,SORTED,100000,2,2245400,2.245400,10,1846207,23470,134891,0,12076
QuickSort,SORTED,100000,3,2041800,2.041800,10,1846207,23470,134891,0,12076
QuickSort,SORTED,100000,4,1607500,1.607500,10,1846207,23470,134891,0,12076
QuickSort,SORTED,100000,5,1520000,1.520000,10,1846207,23470,134891,0,12076
QuickSort,SORTED,100000,6,1504600,1.504600,10,1846207,23470,134891,0,12076
Arrays.sort,SORTED,100000,0,15000,0.015000,0,0,0,0,0,0
Arrays.sort,SORTED,100000,1,15300,0.015300,0,0,0,0,0,0
Arrays.sort,SORTED,100000,2,15700,0.015700,0,0,0,0,0,0
Arrays.sort,SORTED,100000,3,15300,0.015300,0,0,0,0,0,0
Arrays.sort,SORTED,100000,4,14600,0.014600,0,0,0,0,0,0
Arrays.sort,SORTED,100000,5,14700,0.014700,0,0,0,0,0,0
Arrays.sort,SORTED,100000,6,14500,0.014500,0,0,0,0,0,0
MergeSort,SORTED,200000,0,361800,0.361800,15,199999,0,183616,200000,32767
MergeSort,SORTED,200000,1,379800,0.379800,15,199999,0,183616,200000,32767
MergeSort,SORTED,200000,2,378500,0.378500,15,199999,0,183616,200000,32767
MergeSort,SORTED,200000,3,371300,0.371300,15,199999,0,183616,200000,32767
MergeSort,SORTED,200000,4,388400,0.388400,15,199999,0,183616,200000,32767
MergeSort,SORTED,200000,5,407200,0.407200,15,199999,0,183616,200000,32767
MergeSort,SORTED,200000,6,375200,0.375200,15,199999,0,183616,200000,32767
QuickSort,SORTED,200000,0,3312500,3.312500,10,4249546,46812,269513,0,24111
QuickSort,SORTED,200000,1,3286200,3.286200,10,4249546,46812,269513,0,24111
QuickSort,SORTED,200000,2,3486600,3.486600,10,4249546,46812,269513,0,24111
QuickSort,SORTED,200000,3,3917600,3.917600,10,4249546,46812,269513,0,24111
QuickSort,SORTED,200000,4,3260000,3.260000,10,4249546,46812,269513,0,24111
QuickSort,SORTED,200000,5,3296900,3.296900,10,4249546,46812,269513,0,24111
QuickSort,SORTED,200000,6,3210300,3.210300,10,4249546,46812,269513,0,24111
Arrays.sort,SORTED,200000,0,33700,0.033700,0,0,0,0,0,0
Arrays.sort,SORTED,200000,1,34400,0.034400,0,0,0,0,0,0
Arrays.sort,SORTED,200000,2,35800,0.035800,0,0,0,0,0,0
Arrays.sort,SORTED,200000,3,34800,0.034800,0,0,0,0,0,0
Arrays.sort,SORTED,200000,4,35900,0.035900,0,0,0,0,0,0
Arrays.sort,SORTED,200000,5,37700,0.037700,0,0,0,0,0,0
Arrays.sort,SORTED,200000,6,34300,0.034300,0,0,0,0,0,0
MergeSort,REVERSE_SORTED,100,0,1600,0.001600,4,731,0,1268,100,15
MergeSort,REVERSE_SORTED,100,1,1900,0.001900,4,731,0,1268,100,15
MergeSort,REVERSE_SORTED,100,2,1500,0.001500,4,731,0,1268,100,15
MergeSort,REVERSE_SORTED,100,3,1500,0.001500,4,731,0,1268,100,15
MergeSort,REVERSE_SORTED,100,4,1400,0.001400,4,731,0,1268,100,15
MergeSort,REVERSE_SORTED,100,5,1500,0.001500,4,731,0,1268,100,15
MergeSort,REVERSE_SORTED,100,6,1500,0.001500,4,731,0,1268,100,15
QuickSort,REVERSE_SORTED,100,0,800,0.000800,3,567,72,235,0,13
QuickSort,REVERSE_SORTED,100,1,900,0.000900,3,567,72,235,0,13
QuickSort,REVERSE_SORTED,100,2,700,0.000700,3,567,72,235,0,13
QuickSort,REVERSE_SORTED,100,3,700,0.000700,3,567,72,235,0,13
QuickSort,REVERSE_SORTED,100,4,600,0.000600,3,567,72,235,0,13
QuickSort,REVERSE_SORTED,100,5,700,0.000700,3,567,72,235,0,13
QuickSort,REVERSE_SORTED,100,6,700,0.000700,3,567,72,235,0,13
Arrays.sort,REVERSE_SORTED,100,0,2000,0.002000,0,0,0,0,0,0
Arrays.sort,REVERSE_SORTED,100,1,2100,0.002100,0,0,0,0,0,0
Arrays.sort,REVERSE_SORTED,100,2,1700,0.001700,0,0,0,0,0,0
Arrays.sort,REVERSE_SORTED,100,3,1700,0.001700,0,0,0,0,0,0
Arrays.sort,REVERSE_SORTED,100,4,2600,0.002600,0,0,0,0,0,0
Arrays.sort,REVERSE_SORTED,100,5,1600,0.001600,0,0,0,0,0,0
Arrays.sort,REVERSE_SORTED,100,6,1700,0.001700,0,0,0,0,0,0
MergeSort,REVERSE_SORTED,500,0,9700,0.009700,6,4931,0,9128,500,63
MergeSort,REVERSE_SORTED,500,1,10000,0.010000,6,4931,0,9128,500,63
MergeSort,REVERSE_SORTED,500,2,9700,0.009700,6,4931,0,9128,500,63
MergeSort,REVERSE_SORTED,500,3,9700,0.009700,6,4931,0,9128,500,63
MergeSort,REVERSE_SORTED,500,4,10000,0.010000,6,4931,0,9128,500,63
MergeSort,REVERSE_SORTED,500,5,9800,0.009800,6,4931,0,9128,500,63
MergeSort,REVERSE_SORTED,500,6,9800,0.009800,6,4931,0,9128,500,63
QuickSort,REVERSE_SORTED,500,0,4900,0.004900,5,4819,369,1517,0,64
QuickSort,REVERSE_SORTED,500,1,5100,0.005100,5,4819,369,1517,0,64
QuickSort,REVERSE_SORTED,500,2,5100,0.005100,5,4819,369,1517,0,64
QuickSort,REVERSE_SORTED,500,3,4800,0.004800,5,4819,369,1517,0,64
QuickSort,REVERSE_SORTED,500,4,5000,0.005000,5,4819,369,1517,0,64
QuickSort,REVERSE_SORTED,500,5,5000,0.005000,5,4819,369,1517,0,64
QuickSort,REVERSE_SORTED,500,6,4700,0.004700,5,4819,369,1517,0,64
Arrays.sort,REVERSE_SORTED,500,0,600,0.000600,0,0,0,0,0,0
Arrays.sort,REVERSE_SORTED,500,1,400,0.000400,0,0,0,0,0,0
Arrays.sort,REVERSE_SORTED,500,2,300,0.000300,0,0,0,0,0,0
Arrays.sort,REVERSE_SORTED,500,3,400,0.000400,0,0,0,0,0,0
Arrays.sort,REVERSE_SORTED,500,4,300,0.000300,0,0,0,0,0,0
Arrays.sort,REVERSE_SORTED,500,5,500,0.000500,0,0,0,0,0,0
Arrays.sort,REVERSE_SORTED,500,6,300,0.000300,0,0,0,0,0,0
MergeSort,REVERSE_SORTED,1000,0,22000,0.022000,7,10363,0,20256,1000,127
MergeSort,REVERSE_SORTED,1000,1,21900,0.021900,7,10363,0,20256,1000,127
MergeSort,REVERSE_SORTED,1000,2,21800,0.021800,7,10363,0,20256,1000,127
MergeSort,REVERSE_SORTED,1000,3,21700,0.021700,7,10363,0,20256,1000,127
MergeSort,REVERSE_SORTED,1000,4,21700,0.021700,7,10363,0,20256,1000,127
MergeSort,REVERSE_SORTED,1000,5,21800,0.021800,7,10363,0,20256,1000,127
MergeSort,REVERSE_SORTED,1000,6,21900,0.021900,7,10363,0,20256,1000,127
QuickSort,REVERSE_SORTED,1000,0,9600,0.009600,5,10495,724,2426,0,122
QuickSort,REVERSE_SORTED,1000,1,9900,0.009900,5,10495,724,2426,0,122
QuickSort,REVERSE_SORTED,1000,2,9200,0.009200,5,10495,724,2426,0,122
QuickSort,REVERSE_SORTED,1000,3,9500,0.009500,5,10495,724,2426,0,122
QuickSort,REVERSE_SORTED,1000,4,9500,0.009500,5,10495,724,2426,0,122
QuickSort,REVERSE_SORTED,1000,5,9100,0.009100,5,10495,724,2426,0,122
QuickSort,REVERSE_SORTED,1000,6,9000,0.009000,5,10495,724,2426,0,122
Arrays.sort,REVERSE_SORTED,1000,0,600,0.000600,0,0,0,0,0,0
Arrays.sort,REVERSE_SORTED,1000,1,900,0.000900,0,0,0,0,0,0
Arrays.sort,REVERSE_SORTED,1000,2,500,0.000500,0,0,0,0,0,0
Arrays.sort,REVERSE_SORTED,1000,3,600,0.000600,0,0,0,0,0,0
Arrays.sort,REVERSE_SORTED,1000,4,500,0.000500,0,0,0,0,0,0
Arrays.sort,REVERSE_SORTED,1000,5,600,0.000600,0,0,0,0,0,0
Arrays.sort,REVERSE_SORTED,1000,6,600,0.000600,0,0,0,0,0,0
MergeSort,REVERSE_SORTED,5000,0,97200,0.097200,10,44835,0,116448,5000,1023
MergeSort,REVERSE_SORTED,5000,1,98600,0.098600,10,44835,0,116448,5000,1023
MergeSort,REVERSE_SORTED,5000,2,97600,0.097600,10,44835,0,116448,5000,1023
MergeSort,REVERSE_SORTED,5000,3,97600,0.097600,10,44835,0,116448,5000,1023
MergeSort,REVERSE_SORTED,5000,4,100600,0.100600,10,44835,0,116448,5000,1023
MergeSort,REVERSE_SORTED,5000,5,97300,0.097300,10,44835,0,116448,5000,1023
MergeSort,REVERSE_SORTED,5000,6,108100,0.108100,10,44835,0,116448,5000,1023
QuickSort,REVERSE_SORTED,5000,0,63000,0.063000,7,72503,3631,14927,0,586
QuickSort,REVERSE_SORTED,5000,1,63100,0.063100,7,72503,3631,14927,0,586
QuickSort,REVERSE_SORTED,5000,2,72700,0.072700,7,72503,3631,14927,0,586
QuickSort,REVERSE_SORTED,5000,3,70200,0.070200,7,72503,3631,14927,0,586
QuickSort,REVERSE_SORTED,5000,4,62700,0.062700,7,72503,3631,14927,0,586
QuickSort,REVERSE_SORTED,5000,5,62700,0.062700,7,72503,3631,14927,0,586
QuickSort,REVERSE_SORTED,5000,6,62200,0.062200,7,72503,3631,14927,0,586
Arrays.sort,REVERSE_SORTED,5000,0,2400,0.002400,0,0,0,0,0,0
Arrays.sort,REVERSE_SORTED,5000,1,2300,0.002300,0,0,0,0,0,0
Arrays.sort,REVERSE_SORTED,5000,2,2300,0.002300,0,0,0,0,0,0
Arrays.sort,REVERSE_SORTED,5000,3,2200,0.002200,0,0,0,0,0,0
Arrays.sort,REVERSE_SORTED,5000,4,2200,0.002200,0,0,0,0,0,0
Arrays.sort,REVERSE_SORTED,5000,5,2200,0.002200,0,0,0,0,0,0
Arrays.sort,REVERSE_SORTED,5000,6,2300,0.002300,0,0,0,0,0,0
MergeSort,REVERSE_SORTED,10000,0,217800,0.217800,11,94671,0,252896,10000,2047
MergeSort,REVERSE_SORTED,10000,1,217000,0.217000,11,94671,0,252896,10000,2047
MergeSort,REVERSE_SORTED,10000,2,217900,0.217900,11,94671,0,252896,10000,2047
MergeSort,REVERSE_SORTED,10000,3,218000,0.218000,11,94671,0,252896,10000,2047
MergeSort,REVERSE_SORTED,10000,4,243500,0.243500,11,94671,0,252896,10000,2047
MergeSort,REVERSE_SORTED,10000,5,219500,0.219500,11,94671,0,252896,10000,2047
MergeSort,REVERSE_SORTED,10000,6,218100,0.218100,11,94671,0,252896,10000,2047
QuickSort,REVERSE_SORTED,10000,0,132800,0.132800,7,144674,7393,23866,0,1231
QuickSort,REVERSE_SORTED,10000,1,157400,0.157400,7,144674,7393,23866,0,1231
QuickSort,REVERSE_SORTED,10000,2,139800,0.139800,7,144674,7393,23866,0,1231
QuickSort,REVERSE_SORTED,10000,3,130900,0.130900,7,144674,7393,23866,0,1231
QuickSort,REVERSE_SORTED,10000,4,129400,0.129400,7,144674,7393,23866,0,1231
QuickSort,REVERSE_SORTED,10000,5,127800,0.127800,7,144674,7393,23866,0,1231
QuickSort,REVERSE_SORTED,10000,6,128400,0.128400,7,144674,7393,23866,0,1231
Arrays.sort,REVERSE_SORTED,10000,0,4700,0.004700,0,0,0,0,0,0
Arrays.sort,REVERSE_SORTED,10000,1,4800,0.004800,0,0,0,0,0,0
Arrays.sort,REVERSE_SORTED,10000,2,4600,0.004600,0,0,0,0,0,0
Arrays.sort,REVERSE_SORTED,10000,3,4600,0.004600,0,0,0,0,0,0
Arrays.sort,REVERSE_SORTED,10000,4,4500,0.004500,0,0,0,0,0,0
Arrays.sort,REVERSE_SORTED,10000,5,4600,0.004600,0,0,0,0,0,0
Arrays.sort,REVERSE_SORTED,10000,6,4500,0.004500,0,0,0,0,0,0
MergeSort,REVERSE_SORTED,50000,0,1295700,1.295700,13,583503,0,1526416,50000,8191
MergeSort,REVERSE_SORTED,50000,1,1331800,1.331800,13,583503,0,1526416,50000,8191
MergeSort,REVERSE_SORTED,50000,2,1284100,1.284100,13,583503,0,1526416,50000,8191
MergeSort,REVERSE_SORTED,50000,3,1290000,1.290000,13,583503,0,1526416,50000,8191
MergeSort,REVERSE_SORTED,50000,4,1305400,1.305400,13,583503,0,1526416,50000,8191
MergeSort,REVERSE_SORTED,50000,5,1369400,1.369400,13,583503,0,1526416,50000,8191
MergeSort,REVERSE_SORTED,50000,6,1316000,1.316000,13,583503,0,1526416,50000,8191
QuickSort,REVERSE_SORTED,50000,0,757000,0.757000,9,908733,36779,135273,0,6074
QuickSort,REVERSE_SORTED,50000,1,864800,0.864800,9,908733,36779,135273,0,6074
QuickSort,REVERSE_SORTED,50000,2,864800,0.864800,9,908733,36779,135273,0,6074
QuickSort,REVERSE_SORTED,50000,3,750500,0.750500,9,908733,36779,135273,0,6074
QuickSort,REVERSE_SORTED,50000,4,743100,0.743100,9,908733,36779,135273,0,6074
QuickSort,REVERSE_SORTED,50000,5,889200,0.889200,9,908733,36779,135273,0,6074
QuickSort,REVERSE_SORTED,50000,6,972900,0.972900,9,908733,36779,135273,0,6074
Arrays.sort,REVERSE_SORTED,50000,0,21900,0.021900,0,0,0,0,0,0
Arrays.sort,REVERSE_SORTED,50000,1,21900,0.021900,0,0,0,0,0,0
Arrays.sort,REVERSE_SORTED,50000,2,21600,0.021600,0,0,0,0,0,0
Arrays.sort,REVERSE_SORTED,50000,3,21600,0.021600,0,0,0,0,0,0
Arrays.sort,REVERSE_SORTED,50000,4,21700,0.021700,0,0,0,0,0,0
Arrays.sort,REVERSE_SORTED,50000,5,21600,0.021600,0,0,0,0,0,0
Arrays.sort,REVERSE_SORTED,50000,6,21600,0.021600,0,0,0,0,0,0
MergeSort,REVERSE_SORTED,100000,0,2706500,2.706500,14,1217007,0,3252831,100000,16383
MergeSort,REVERSE_SORTED,100000,1,2924200,2.924200,14,1217007,0,3252831,100000,16383
MergeSort,REVERSE_SORTED,100000,2,2595500,2.595500,14,1217007,0,3252831,100000,16383
MergeSort,REVERSE_SORTED,100000,3,2599800,2.599800,14,1217007,0,3252831,100000,16383
MergeSort,REVERSE_SORTED,100000,4,2542000,2.542000,14,1217007,0,3252831,100000,16383
MergeSort,REVERSE_SORTED,100000,5,2572900,2.572900,14,1217007,0,3252831,100000,16383
MergeSort,REVERSE_SORTED,100000,6,2571600,2.571600,14,1217007,0,3252831,100000,16383
QuickSort,REVERSE_SORTED,100000,0,1648400,1.648400,10,1976210,73390,259175,0,12044
QuickSort,REVERSE_SORTED,100000,1,1640000,1.640000,10,1976210,73390,259175,0,12044
QuickSort,REVERSE_SORTED,100000,2,1646700,1.646700,10,1976210,73390,259175,0,12044
QuickSort,REVERSE_SORTED,100000,3,1628900,1.628900,10,1976210,73390,259175,0,12044
QuickSort,REVERSE_SORTED,100000,4,1761500,1.761500,10,1976210,73390,259175,0,12044
QuickSort,REVERSE_SORTED,100000,5,1667500,1.667500,10,1976210,73390,259175,0,12044
QuickSort,REVERSE_SORTED,100000,6,1628000,1.628000,10,1976210,73390,259175,0,12044
Arrays.sort,REVERSE_SORTED,100000,0,48000,0.048000,0,0,0,0,0,0
Arrays.sort,REVERSE_SORTED,100000,1,49600,0.049600,0,0,0,0,0,0
Arrays.sort,REVERSE_SORTED,100000,2,42200,0.042200,0,0,0,0,0,0
Arrays.sort,REVERSE_SORTED,100000,3,42300,0.042300,0,0,0,0,0,0
Arrays.sort,REVERSE_SORTED,100000,4,42200,0.042200,0,0,0,0,0,0
Arrays.sort,REVERSE_SORTED,100000,5,42100,0.042100,0,0,0,0,0,0
Arrays.sort,REVERSE_SORTED,100000,6,42300,0.042300,0,0,0,0,0,0
MergeSort,REVERSE_SORTED,200000,0,5574500,5.574500,15,2534016,0,6905661,200000,32767
MergeSort,REVERSE_SORTED,200000,1,5700000,5.700000,15,2534016,0,6905661,200000,32767
MergeSort,REVERSE_SORTED,200000,2,5548400,5.548400,15,2534016,0,6905661,200000,32767
MergeSort,REVERSE_SORTED,200000,3,5551100,5.551100,15,2534016,0,6905661,200000,32767
MergeSort,REVERSE_SORTED,200000,4,5631600,5.631600,15,2534016,0,6905661,200000,32767
MergeSort,REVERSE_SORTED,200000,5,5599000,5.599000,15,2534016,0,6905661,200000,32767
MergeSort,REVERSE_SORTED,200000,6,5917600,5.917600,15,2534016,0,6905661,200000,32767
QuickSort,REVERSE_SORTED,200000,0,4287800,4.287800,12,4209275,146803,507026,0,24145
QuickSort,REVERSE_SORTED,200000,1,3625800,3.625800,12,4209275,146803,507026,0,24145
QuickSort,REVERSE_SORTED,200000,2,3372800,3.372800,12,4209275,146803,507026,0,24145
QuickSort,REVERSE_SORTED,200000,3,3503800,3.503800,12,4209275,146803,507026,0,24145
QuickSort,REVERSE_SORTED,200000,4,3439400,3.439400,12,4209275,146803,507026,0,24145
QuickSort,REVERSE_SORTED,200000,5,3334900,3.334900,12,4209275,146803,507026,0,24145
QuickSort,REVERSE_SORTED,200000,6,3326800,3.326800,12,4209275,146803,507026,0,24145
Arrays.sort,REVERSE_SORTED,200000,0,97000,0.097000,0,0,0,0,0,0
Arrays.sort,REVERSE_SORTED,200000,1,102100,0.102100,0,0,0,0,0,0
Arrays.sort,REVERSE_SORTED,200000,2,87500,0.087500,0,0,0,0,0,0
Arrays.sort,REVERSE_SORTED,200000,3,96300,0.096300,0,0,0,0,0,0
Arrays.sort,REVERSE_SORTED,200000,4,93400,0.093400,0,0,0,0,0,0
Arrays.sort,REVERSE_SORTED,200000,5,96600,0.096600,0,0,0,0,0,0
Arrays.sort,REVERSE_SORTED,200000,6,95600,0.095600,0,0,0,0,0,0
MergeSort,DUPLICATE_HEAVY,100,0,1400,0.001400,4,653,0,983,100,15
MergeSort,DUPLICATE_HEAVY,100,1,1200,0.001200,4,653,0,983,100,15
MergeSort,DUPLICATE_HEAVY,100,2,1100,0.001100,4,653,0,983,100,15
MergeSort,DUPLICATE_HEAVY,100,3,1000,0.001000,4,653,0,983,100,15
MergeSort,DUPLICATE_HEAVY,100,4,1100,0.001100,4,653,0,983,100,15
MergeSort,DUPLICATE_HEAVY,100,5,2500,0.002500,4,653,0,983,100,15
MergeSort,DUPLICATE_HEAVY,100,6,1300,0.001300,4,653,0,983,100,15
QuickSort,DUPLICATE_HEAVY,100,0,1300,0.001300,4,647,99,417,0,11
QuickSort,DUPLICATE_HEAVY,100,1,1000,0.001000,4,647,99,417,0,11
QuickSort,DUPLICATE_HEAVY,100,2,900,0.000900,4,647,99,417,0,11
QuickSort,DUPLICATE_HEAVY,100,3,800,0.000800,4,647,99,417,0,11
QuickSort,DUPLICATE_HEAVY,100,4,900,0.000900,4,647,99,417,0,11
QuickSort,DUPLICATE_HEAVY,100,5,800,0.000800,4,647,99,417,0,11
QuickSort,DUPLICATE_HEAVY,100,6,800,0.000800,4,647,99,417,0,11
Arrays.sort,DUPLICATE_HEAVY,100,0,1100,0.001100,0,0,0,0,0,0
Arrays.sort,DUPLICATE_HEAVY,100,1,1000,0.001000,0,0,0,0,0,0
Arrays.sort,DUPLICATE_HEAVY,100,2,900,0.000900,0,0,0,0,0,0
Arrays.sort,DUPLICATE_HEAVY,100,3,900,0.000900,0,0,0,0,0,0
Arrays.sort,DUPLICATE_HEAVY,100,4,800,0.000800,0,0,0,0,0,0
Arrays.sort,DUPLICATE_HEAVY,100,5,1300,0.001300,0,0,0,0,0,0
Arrays.sort,DUPLICATE_HEAVY,100,6,900,0.000900,0,0,0,0,0,0
MergeSort,DUPLICATE_HEAVY,500,0,7200,0.007200,6,4398,0,7032,500,63
MergeSort,DUPLICATE_HEAVY,500,1,7000,0.007000,6,4398,0,7032,500,63
MergeSort,DUPLICATE_HEAVY,500,2,7000,0.007000,6,4398,0,7032,500,63
MergeSort,DUPLICATE_HEAVY,500,3,7300,0.007300,6,4398,0,7032,500,63
MergeSort,DUPLICATE_HEAVY,500,4,7100,0.007100,6,4398,0,7032,500,63
MergeSort,DUPLICATE_HEAVY,500,5,6900,0.006900,6,4398,0,7032,500,63
MergeSort,DUPLICATE_HEAVY,500,6,7100,0.007100,6,4398,0,7032,500,63
QuickSort,DUPLICATE_HEAVY,500,0,4600,0.004600,5,3749,986,2537,0,46
QuickSort,DUPLICATE_HEAVY,500,1,4700,0.004700,5,3749,986,2537,0,46
QuickSort,DUPLICATE_HEAVY,500,2,4500,0.004500,5,3749,986,2537,0,46
QuickSort,DUPLICATE_HEAVY,500,3,4400,0.004400,5,3749,986,2537,0,46
QuickSort,DUPLICATE_HEAVY,500,4,4300,0.004300,5,3749,986,2537,0,46
QuickSort,DUPLICATE_HEAVY,500,5,4500,0.004500,5,3749,986,2537,0,46
QuickSort,DUPLICATE_HEAVY,500,6,4500,0.004500,5,3749,986,2537,0,46
Arrays.sort,DUPLICATE_HEAVY,500,0,3100,0.003100,0,0,0,0,0,0
Arrays.sort,DUPLICATE_HEAVY,500,1,2800,0.002800,0,0,0,0,0,0
Arrays.sort,DUPLICATE_HEAVY,500,2,2900,0.002900,0,0,0,0,0,0
Arrays.sort,DUPLICATE_HEAVY,500,3,3500,0.003500,0,0,0,0,0,0
Arrays.sort,DUPLICATE_HEAVY,500,4,2800,0.002800,0,0,0,0,0,0
Arrays.sort,DUPLICATE_HEAVY,500,5,2900,0.002900,0,0,0,0,0,0
Arrays.sort,DUPLICATE_HEAVY,500,6,2900,0.002900,0,0,0,0,0,0
MergeSort,DUPLICATE_HEAVY,1000,0,16300,0.016300,7,9927,0,16330,1000,127
MergeSort,DUPLICATE_HEAVY,1000,1,17300,0.017300,7,9927,0,16330,1000,127
MergeSort,DUPLICATE_HEAVY,1000,2,16300,0.016300,7,9927,0,16330,1000,127
MergeSort,DUPLICATE_HEAVY,1000,3,16400,0.016400,7,9927,0,16330,1000,127
MergeSort,DUPLICATE_HEAVY,1000,4,16300,0.016300,7,9927,0,16330,1000,127
MergeSort,DUPLICATE_HEAVY,1000,5,16400,0.016400,7,9927,0,16330,1000,127
MergeSort,DUPLICATE_HEAVY,1000,6,16400,0.016400,7,9927,0,16330,1000,127
QuickSort,DUPLICATE_HEAVY,1000,0,10200,0.010200,6,8765,2360,5824,0,85
QuickSort,DUPLICATE_HEAVY,1000,1,9900,0.009900,6,8765,2360,5824,0,85
QuickSort,DUPLICATE_HEAVY,1000,2,9700,0.009700,6,8765,2360,5824,0,85
QuickSort,DUPLICATE_HEAVY,1000,3,9600,0.009600,6,8765,2360,5824,0,85
QuickSort,DUPLICATE_HEAVY,1000,4,9700,0.009700,6,8765,2360,5824,0,85
QuickSort,DUPLICATE_HEAVY,1000,5,9500,0.009500,6,8765,2360,5824,0,85
QuickSort,DUPLICATE_HEAVY,1000,6,9500,0.009500,6,8765,2360,5824,0,85
Arrays.sort,DUPLICATE_HEAVY,1000,0,3100,0.003100,0,0,0,0,0,0
Arrays.sort,DUPLICATE_HEAVY,1000,1,3000,0.003000,0,0,0,0,0,0
Arrays.sort,DUPLICATE_HEAVY,1000,2,2900,0.002900,0,0,0,0,0,0
Arrays.sort,DUPLICATE_HEAVY,1000,3,2800,0.002800,0,0,0,0,0,0
Arrays.sort,DUPLICATE_HEAVY,1000,4,2900,0.002900,0,0,0,0,0,0
Arrays.sort,DUPLICATE_HEAVY,1000,5,2900,0.002900,0,0,0,0,0,0
Arrays.sort,DUPLICATE_HEAVY,1000,6,2800,0.002800,0,0,0,0,0,0
MergeSort,DUPLICATE_HEAVY,5000,0,131000,0.131000,10,56497,0,104330,5000,1023
MergeSort,DUPLICATE_HEAVY,5000,1,131600,0.131600,10,56497,0,104330,5000,1023
MergeSort,DUPLICATE_HEAVY,5000,2,193600,0.193600,10,56497,0,104330,5000,1023
MergeSort,DUPLICATE_HEAVY,5000,3,175600,0.175600,10,56497,0,104330,5000,1023
MergeSort,DUPLICATE_HEAVY,5000,4,163100,0.163100,10,56497,0,104330,5000,1023
MergeSort,DUPLICATE_HEAVY,5000,5,162200,0.162200,10,56497,0,104330,5000,1023
MergeSort,DUPLICATE_HEAVY,5000,6,147400,0.147400,10,56497,0,104330,5000,1023
QuickSort,DUPLICATE_HEAVY,5000,0,109800,0.109800,8,53390,17764,40166,0,446
QuickSort,DUPLICATE_HEAVY,5000,1,109000,0.109000,8,53390,17764,40166,0,446
QuickSort,DUPLICATE_HEAVY,5000,2,108600,0.108600,8,53390,17764,40166,0,446
QuickSort,DUPLICATE_HEAVY,5000,3,115400,0.115400,8,53390,17764,40166,0,446
QuickSort,DUPLICATE_HEAVY,5000,4,114400,0.114400,8,53390,17764,40166,0,446
QuickSort,DUPLICATE_HEAVY,5000,5,118600,0.118600,8,53390,17764,40166,0,446
QuickSort,DUPLICATE_HEAVY,5000,6,116100,0.116100,8,53390,17764,40166,0,446
Arrays.sort,DUPLICATE_HEAVY,5000,0,23700,0.023700,0,0,0,0,0,0
Arrays.sort,DUPLICATE_HEAVY,5000,1,26300,0.026300,0,0,0,0,0,0
Arrays.sort,DUPLICATE_HEAVY,5000,2,24500,0.024500,0,0,0,0,0,0
Arrays.sort,DUPLICATE_HEAVY,5000,3,24200,0.024200,0,0,0,0,0,0
Arrays.sort,DUPLICATE_HEAVY,5000,4,25500,0.025500,0,0,0,0,0,0
Arrays.sort,DUPLICATE_HEAVY,5000,5,25100,0.025100,0,0,0,0,0,0
Arrays.sort,DUPLICATE_HEAVY,5000,6,25300,0.025300,0,0,0,0,0,0
MergeSort,DUPLICATE_HEAVY,10000,0,307600,0.307600,11,122703,0,229020,10000,2047
MergeSort,DUPLICATE_HEAVY,10000,1,315600,0.315600,11,122703,0,229020,10000,2047
MergeSort,DUPLICATE_HEAVY,10000,2,328400,0.328400,11,122703,0,229020,10000,2047
MergeSort,DUPLICATE_HEAVY,10000,3,312200,0.312200,11,122703,0,229020,10000,2047
MergeSort,DUPLICATE_HEAVY,10000,4,313100,0.313100,11,122703,0,229020,10000,2047
MergeSort,DUPLICATE_HEAVY,10000,5,318500,0.318500,11,122703,0,229020,10000,2047
MergeSort,DUPLICATE_HEAVY,10000,6,313400,0.313400,11,122703,0,229020,10000,2047
QuickSort,DUPLICATE_HEAVY,10000,0,243500,0.243500,9,123532,39287,87899,0,815
QuickSort,DUPLICATE_HEAVY,10000,1,243600,0.243600,9,123532,39287,87899,0,815
QuickSort,DUPLICATE_HEAVY,10000,2,278700,0.278700,9,123532,39287,87899,0,815
QuickSort,DUPLICATE_HEAVY,10000,3,244200,0.244200,9,123532,39287,87899,0,815
QuickSort,DUPLICATE_HEAVY,10000,4,245300,0.245300,9,123532,39287,87899,0,815
QuickSort,DUPLICATE_HEAVY,10000,5,254400,0.254400,9,123532,39287,87899,0,815
QuickSort,DUPLICATE_HEAVY,10000,6,249900,0.249900,9,123532,39287,87899,0,815
Arrays.sort,DUPLICATE_HEAVY,10000,0,67900,0.067900,0,0,0,0,0,0
Arrays.sort,DUPLICATE_HEAVY,10000,1,150400,0.150400,0,0,0,0,0,0
Arrays.sort,DUPLICATE_HEAVY,10000,2,105500,0.105500,0,0,0,0,0,0
Arrays.sort,DUPLICATE_HEAVY,10000,3,103900,0.103900,0,0,0,0,0,0
Arrays.sort,DUPLICATE_HEAVY,10000,4,88300,0.088300,0,0,0,0,0,0
Arrays.sort,DUPLICATE_HEAVY,10000,5,84400,0.084400,0,0,0,0,0,0
Arrays.sort,DUPLICATE_HEAVY,10000,6,82400,0.082400,0,0,0,0,0,0
MergeSort,DUPLICATE_HEAVY,50000,0,1825300,1.825300,13,738467,0,1373128,50000,8191
MergeSort,DUPLICATE_HEAVY,50000,1,1794000,1.794000,13,738467,0,1373128,50000,8191
MergeSort,DUPLICATE_HEAVY,50000,2,1740100,1.740100,13,738467,0,1373128,50000,8191
MergeSort,DUPLICATE_HEAVY,50000,3,1767700,1.767700,13,738467,0,1373128,50000,8191
MergeSort,DUPLICATE_HEAVY,50000,4,1780100,1.780100,13,738467,0,1373128,50000,8191
MergeSort,DUPLICATE_HEAVY,50000,5,1760500,1.760500,13,738467,0,1373128,50000,8191
MergeSort,DUPLICATE_HEAVY,50000,6,1756200,1.756200,13,738467,0,1373128,50000,8191
QuickSort,DUPLICATE_HEAVY,50000,0,1455900,1.455900,11,702514,256928,559900,0,4113
QuickSort,DUPLICATE_HEAVY,50000,1,1543100,1.543100,11,702514,256928,559900,0,4113
QuickSort,DUPLICATE_HEAVY,50000,2,1478700,1.478700,11,702514,256928,559900,0,4113
QuickSort,DUPLICATE_HEAVY,50000,3,1501300,1.501300,11,702514,256928,559900,0,4113
QuickSort,DUPLICATE_HEAVY,50000,4,1488100,1.488100,11,702514,256928,559900,0,4113
QuickSort,DUPLICATE_HEAVY,50000,5,1483000,1.483000,11,702514,256928,559900,0,4113
QuickSort,DUPLICATE_HEAVY,50000,6,1470600,1.470600,11,702514,256928,559900,0,4113
Arrays.sort,DUPLICATE_HEAVY,50000,0,531900,0.531900,0,0,0,0,0,0
Arrays.sort,DUPLICATE_HEAVY,50000,1,589900,0.589900,0,0,0,0,0,0
Arrays.sort,DUPLICATE_HEAVY,50000,2,542100,0.542100,0,0,0,0,0,0
Arrays.sort,DUPLICATE_HEAVY,50000,3,671500,0.671500,0,0,0,0,0,0
Arrays.sort,DUPLICATE_HEAVY,50000,4,553800,0.553800,0,0,0,0,0,0
Arrays.sort,DUPLICATE_HEAVY,50000,5,592900,0.592900,0,0,0,0,0,0
Arrays.sort,DUPLICATE_HEAVY,50000,6,615800,0.615800,0,0,0,0,0,0
MergeSort,DUPLICATE_HEAVY,100000,0,3752200,3.752200,14,1570181,0,2944683,100000,16383
MergeSort,DUPLICATE_HEAVY,100000,1,3712700,3.712700,14,1570181,0,2944683,100000,16383
MergeSort,DUPLICATE_HEAVY,100000,2,4283300,4.283300,14,1570181,0,2944683,100000,16383
MergeSort,DUPLICATE_HEAVY,100000,3,3724900,3.724900,14,1570181,0,2944683,100000,16383
MergeSort,DUPLICATE_HEAVY,100000,4,3641300,3.641300,14,1570181,0,2944683,100000,16383
MergeSort,DUPLICATE_HEAVY,100000,5,3656300,3.656300,14,1570181,0,2944683,100000,16383
MergeSort,DUPLICATE_HEAVY,100000,6,3984200,3.984200,14,1570181,0,2944683,100000,16383
QuickSort,DUPLICATE_HEAVY,100000,0,3006900,3.006900,13,1572546,572780,1236471,0,9221
QuickSort,DUPLICATE_HEAVY,100000,1,2922700,2.922700,13,1572546,572780,1236471,0,9221
QuickSort,DUPLICATE_HEAVY,100000,2,2985800,2.985800,13,1572546,572780,1236471,0,9221
QuickSort,DUPLICATE_HEAVY,100000,3,2972400,2.972400,13,1572546,572780,1236471,0,9221
QuickSort,DUPLICATE_HEAVY,100000,4,3189500,3.189500,13,1572546,572780,1236471,0,9221
QuickSort,DUPLICATE_HEAVY,100000,5,2943000,2.943000,13,1572546,572780,1236471,0,9221
QuickSort,DUPLICATE_HEAVY,100000,6,2890800,2.890800,13,1572546,572780,1236471,0,9221
Arrays.sort,DUPLICATE_HEAVY,100000,0,961800,0.961800,0,0,0,0,0,0
Arrays.sort,DUPLICATE_HEAVY,100000,1,973600,0.973600,0,0,0,0,0,0
Arrays.sort,DUPLICATE_HEAVY,100000,2,1085300,1.085300,0,0,0,0,0,0
Arrays.sort,DUPLICATE_HEAVY,100000,3,1018100,1.018100,0,0,0,0,0,0
Arrays.sort,DUPLICATE_HEAVY,100000,4,950700,0.950700,0,0,0,0,0,0
Arrays.sort,DUPLICATE_HEAVY,100000,5,935300,0.935300,0,0,0,0,0,0
Arrays.sort,DUPLICATE_HEAVY,100000,6,945900,0.945900,0,0,0,0,0,0
MergeSort,DUPLICATE_HEAVY,200000,0,7965500,7.965500,15,3329303,0,6287562,200000,32767
MergeSort,DUPLICATE_HEAVY,200000,1,8144800,8.144800,15,3329303,0,6287562,200000,32767
MergeSort,DUPLICATE_HEAVY,200000,2,7628700,7.628700,15,3329303,0,6287562,200000,32767
MergeSort,DUPLICATE_HEAVY,200000,3,7659500,7.659500,15,3329303,0,6287562,200000,32767
MergeSort,DUPLICATE_HEAVY,200000,4,7530500,7.530500,15,3329303,0,6287562,200000,32767
MergeSort,DUPLICATE_HEAVY,200000,5,7514300,7.514300,15,3329303,0,6287562,200000,32767
MergeSort,DUPLICATE_HEAVY,200000,6,7611000,7.611000,15,3329303,0,6287562,200000,32767
QuickSort,DUPLICATE_HEAVY,200000,0,6090400,6.090400,14,3116721,1240582,2664154,0,17174
QuickSort,DUPLICATE_HEAVY,200000,1,6158600,6.158600,14,3116721,1240582,2664154,0,17174
QuickSort,DUPLICATE_HEAVY,200000,2,6032500,6.032500,14,3116721,1240582,2664154,0,17174
QuickSort,DUPLICATE_HEAVY,200000,3,6462300,6.462300,14,3116721,1240582,2664154,0,17174
QuickSort,DUPLICATE_HEAVY,200000,4,6088300,6.088300,14,3116721,1240582,2664154,0,17174
QuickSort,DUPLICATE_HEAVY,200000,5,6084500,6.084500,14,3116721,1240582,2664154,0,17174
QuickSort,DUPLICATE_HEAVY,200000,6,6079400,6.079400,14,3116721,1240582,2664154,0,17174
Arrays.sort,DUPLICATE_HEAVY,200000,0,2167200,2.167200,0,0,0,0,0,0
Arrays.sort,DUPLICATE_HEAVY,200000,1,2121800,2.121800,0,0,0,0,0,0
Arrays.sort,DUPLICATE_HEAVY,200000,2,2129800,2.129800,0,0,0,0,0,0
Arrays.sort,DUPLICATE_HEAVY,200000,3,2160400,2.160400,0,0,0,0,0,0
Arrays.sort,DUPLICATE_HEAVY,200000,4,2129100,2.129100,0,0,0,0,0,0
Arrays.sort,DUPLICATE_HEAVY,200000,5,2123800,2.123800,0,0,0,0,0,0
Arrays.sort,DUPLICATE_HEAVY,200000,6,2410000,2.410000,0,0,0,0,0,0
DeterministicSelect,RANDOM,100,0,1400,0.001400,6,600,240,937,0,13
DeterministicSelect,RANDOM,100,1,1300,0.001300,6,600,240,937,0,13
DeterministicSelect,RANDOM,100,2,1300,0.001300,6,600,240,937,0,13
DeterministicSelect,RANDOM,100,3,1200,0.001200,6,600,240,937,0,13
DeterministicSelect,RANDOM,100,4,1200,0.001200,6,600,240,937,0,13
DeterministicSelect,RANDOM,100,5,1200,0.001200,6,600,240,937,0,13
DeterministicSelect,RANDOM,100,6,1100,0.001100,6,600,240,937,0,13
Sort+Index,RANDOM,100,0,2400,0.002400,0,0,0,0,0,0
Sort+Index,RANDOM,100,1,1200,0.001200,0,0,0,0,0,0
Sort+Index,RANDOM,100,2,900,0.000900,0,0,0,0,0,0
Sort+Index,RANDOM,100,3,900,0.000900,0,0,0,0,0,0
Sort+Index,RANDOM,100,4,800,0.000800,0,0,0,0,0,0
Sort+Index,RANDOM,100,5,900,0.000900,0,0,0,0,0,0
Sort+Index,RANDOM,100,6,800,0.000800,0,0,0,0,0,0
DeterministicSelect,RANDOM,500,0,7400,0.007400,8,3733,1577,5858,0,53
DeterministicSelect,RANDOM,500,1,7100,0.007100,8,3733,1577,5858,0,53
DeterministicSelect,RANDOM,500,2,7100,0.007100,8,3733,1577,5858,0,53
DeterministicSelect,RANDOM,500,3,7300,0.007300,8,3733,1577,5858,0,53
DeterministicSelect,RANDOM,500,4,7000,0.007000,8,3733,1577,5858,0,53
DeterministicSelect,RANDOM,500,5,7100,0.007100,8,3733,1577,5858,0,53
DeterministicSelect,RANDOM,500,6,7200,0.007200,8,3733,1577,5858,0,53
Sort+Index,RANDOM,500,0,18100,0.018100,0,0,0,0,0,0
Sort+Index,RANDOM,500,1,10100,0.010100,0,0,0,0,0,0
Sort+Index,RANDOM,500,2,7000,0.007000,0,0,0,0,0,0
Sort+Index,RANDOM,500,3,6200,0.006200,0,0,0,0,0,0
Sort+Index,RANDOM,500,4,7300,0.007300,0,0,0,0,0,0
Sort+Index,RANDOM,500,5,5800,0.005800,0,0,0,0,0,0
Sort+Index,RANDOM,500,6,5300,0.005300,0,0,0,0,0,0
DeterministicSelect,RANDOM,1000,0,14600,0.014600,8,7497,3128,11738,0,60
DeterministicSelect,RANDOM,1000,1,14100,0.014100,8,7497,3128,11738,0,60
DeterministicSelect,RANDOM,1000,2,14300,0.014300,8,7497,3128,11738,0,60
DeterministicSelect,RANDOM,1000,3,14200,0.014200,8,7497,3128,11738,0,60
DeterministicSelect,RANDOM,1000,4,14300,0.014300,8,7497,3128,11738,0,60
DeterministicSelect,RANDOM,1000,5,14200,0.014200,8,7497,3128,11738,0,60
DeterministicSelect,RANDOM,1000,6,14300,0.014300,8,7497,3128,11738,0,60
Sort+Index,RANDOM,1000,0,33600,0.033600,0,0,0,0,0,0
Sort+Index,RANDOM,1000,1,30200,0.030200,0,0,0,0,0,0
Sort+Index,RANDOM,1000,2,21600,0.021600,0,0,0,0,0,0
Sort+Index,RANDOM,1000,3,18400,0.018400,0,0,0,0,0,0
Sort+Index,RANDOM,1000,4,16100,0.016100,0,0,0,0,0,0
Sort+Index,RANDOM,1000,5,15000,0.015000,0,0,0,0,0,0
Sort+Index,RANDOM,1000,6,16500,0.016500,0,0,0,0,0,0
DeterministicSelect,RANDOM,5000,0,138400,0.138400,11,40447,17175,63388,0,223
DeterministicSelect,RANDOM,5000,1,134700,0.134700,11,40447,17175,63388,0,223
DeterministicSelect,RANDOM,5000,2,129000,0.129000,11,40447,17175,63388,0,223
DeterministicSelect,RANDOM,5000,3,127100,0.127100,11,40447,17175,63388,0,223
DeterministicSelect,RANDOM,5000,4,124800,0.124800,11,40447,17175,63388,0,223
DeterministicSelect,RANDOM,5000,5,123500,0.123500,11,40447,17175,63388,0,223
DeterministicSelect,RANDOM,5000,6,122800,0.122800,11,40447,17175,63388,0,223
Sort+Index,RANDOM,5000,0,181000,0.181000,0,0,0,0,0,0
Sort+Index,RANDOM,5000,1,171300,0.171300,0,0,0,0,0,0
Sort+Index,RANDOM,5000,2,164200,0.164200,0,0,0,0,0,0
Sort+Index,RANDOM,5000,3,161100,0.161100,0,0,0,0,0,0
Sort+Index,RANDOM,5000,4,157000,0.157000,0,0,0,0,0,0
Sort+Index,RANDOM,5000,5,173100,0.173100,0,0,0,0,0,0
Sort+Index,RANDOM,5000,6,153500,0.153500,0,0,0,0,0,0
DeterministicSelect,RANDOM,10000,0,274700,0.274700,11,79232,33463,124489,0,283
DeterministicSelect,RANDOM,10000,1,271200,0.271200,11,79232,33463,124489,0,283
DeterministicSelect,RANDOM,10000,2,269500,0.269500,11,79232,33463,124489,0,283
DeterministicSelect,RANDOM,10000,3,275100,0.275100,11,79232,33463,124489,0,283
DeterministicSelect,RANDOM,10000,4,265600,0.265600,11,79232,33463,124489,0,283
DeterministicSelect,RANDOM,10000,5,264600,0.264600,11,79232,33463,124489,0,283
DeterministicSelect,RANDOM,10000,6,264100,0.264100,11,79232,33463,124489,0,283
Sort+Index,RANDOM,10000,0,387200,0.387200,0,0,0,0,0,0
Sort+Index,RANDOM,10000,1,369100,0.369100,0,0,0,0,0,0
Sort+Index,RANDOM,10000,2,1200500,1.200500,0,0,0,0,0,0
Sort+Index,RANDOM,10000,3,370400,0.370400,0,0,0,0,0,0
Sort+Index,RANDOM,10000,4,369200,0.369200,0,0,0,0,0,0
Sort+Index,RANDOM,10000,5,365000,0.365000,0,0,0,0,0,0
Sort+Index,RANDOM,10000,6,414200,0.414200,0,0,0,0,0,0
DeterministicSelect,RANDOM,50000,0,1509500,1.509500,15,425798,181787,669191,0,975
DeterministicSelect,RANDOM,50000,1,1523500,1.523500,15,425798,181787,669191,0,975
DeterministicSelect,RANDOM,50000,2,2521300,2.521300,15,425798,181787,669191,0,975
DeterministicSelect,RANDOM,50000,3,2378600,2.378600,15,425798,181787,669191,0,975
DeterministicSelect,RANDOM,50000,4,1528200,1.528200,15,425798,181787,669191,0,975
DeterministicSelect,RANDOM,50000,5,2453900,2.453900,15,425798,181787,669191,0,975
DeterministicSelect,RANDOM,50000,6,2505300,2.505300,15,425798,181787,669191,0,975
Sort+Index,RANDOM,50000,0,3556200,3.556200,0,0,0,0,0,0
Sort+Index,RANDOM,50000,1,2250500,2.250500,0,0,0,0,0,0
Sort+Index,RANDOM,50000,2,3332800,3.332800,0,0,0,0,0,0
Sort+Index,RANDOM,50000,3,2202400,2.202400,0,0,0,0,0,0
Sort+Index,RANDOM,50000,4,3256700,3.256700,0,0,0,0,0,0
Sort+Index,RANDOM,50000,5,3269900,3.269900,0,0,0,0,0,0
Sort+Index,RANDOM,50000,6,2230100,2.230100,0,0,0,0,0,0
DeterministicSelect,RANDOM,100000,0,3080500,3.080500,15,839496,357699,1316544,0,1475
DeterministicSelect,RANDOM,100000,1,3027100,3.027100,15,839496,357699,1316544,0,1475
DeterministicSelect,RANDOM,100000,2,3040000,3.040000,15,839496,357699,1316544,0,1475
DeterministicSelect,RANDOM,100000,3,2986600,2.986600,15,839496,357699,1316544,0,1475
DeterministicSelect,RANDOM,100000,4,3025900,3.025900,15,839496,357699,1316544,0,1475
DeterministicSelect,RANDOM,100000,5,3382300,3.382300,15,839496,357699,1316544,0,1475
DeterministicSelect,RANDOM,100000,6,2998700,2.998700,15,839496,357699,1316544,0,1475
Sort+Index,RANDOM,100000,0,5825400,5.825400,0,0,0,0,0,0
Sort+Index,RANDOM,100000,1,6250700,6.250700,0,0,0,0,0,0
Sort+Index,RANDOM,100000,2,4786300,4.786300,0,0,0,0,0,0
Sort+Index,RANDOM,100000,3,5127000,5.127000,0,0,0,0,0,0
Sort+Index,RANDOM,100000,4,6921600,6.921600,0,0,0,0,0,0
Sort+Index,RANDOM,100000,5,6351900,6.351900,0,0,0,0,0,0
Sort+Index,RANDOM,100000,6,4836000,4.836000,0,0,0,0,0,0
DeterministicSelect,RANDOM,200000,0,5997300,5.997300,15,1670970,716163,2623489,0,2255
DeterministicSelect,RANDOM,200000,1,6051000,6.051000,15,1670970,716163,2623489,0,2255
DeterministicSelect,RANDOM,200000,2,5983500,5.983500,15,1670970,716163,2623489,0,2255
DeterministicSelect,RANDOM,200000,3,6445600,6.445600,15,1670970,716163,2623489,0,2255
DeterministicSelect,RANDOM,200000,4,6034700,6.034700,15,1670970,716163,2623489,0,2255
DeterministicSelect,RANDOM,200000,5,6072800,6.072800,15,1670970,716163,2623489,0,2255
DeterministicSelect,RANDOM,200000,6,6145300,6.145300,15,1670970,716163,2623489,0,2255
Sort+Index,RANDOM,200000,0,10427100,10.427100,0,0,0,0,0,0
Sort+Index,RANDOM,200000,1,10641800,10.641800,0,0,0,0,0,0
Sort+Index,RANDOM,200000,2,10362500,10.362500,0,0,0,0,0,0
Sort+Index,RANDOM,200000,3,10237100,10.237100,0,0,0,0,0,0
Sort+Index,RANDOM,200000,4,10158500,10.158500,0,0,0,0,0,0
Sort+Index,RANDOM,200000,5,10340300,10.340300,0,0,0,0,0,0
Sort+Index,RANDOM,200000,6,10698700,10.698700,0,0,0,0,0,0
DeterministicSelect,SORTED,100,0,1200,0.001200,6,505,262,807,0,21
DeterministicSelect,SORTED,100,1,1200,0.001200,6,505,262,807,0,21
DeterministicSelect,SORTED,100,2,1100,0.001100,6,505,262,807,0,21
DeterministicSelect,SORTED,100,3,1000,0.001000,6,505,262,807,0,21
DeterministicSelect,SORTED,100,4,1100,0.001100,6,505,262,807,0,21
DeterministicSelect,SORTED,100,5,1100,0.001100,6,505,262,807,0,21
DeterministicSelect,SORTED,100,6,1000,0.001000,6,505,262,807,0,21
Sort+Index,SORTED,100,0,800,0.000800,0,0,0,0,0,0
Sort+Index,SORTED,100,1,100,0.000100,0,0,0,0,0,0
Sort+Index,SORTED,100,2,100,0.000100,0,0,0,0,0,0
Sort+Index,SORTED,100,3,100,0.000100,0,0,0,0,0,0
Sort+Index,SORTED,100,4,100,0.000100,0,0,0,0,0,0
Sort+Index,SORTED,100,5,100,0.000100,0,0,0,0,0,0
Sort+Index,SORTED,100,6,0,0.000000,0,0,0,0,0,0
DeterministicSelect,SORTED,500,0,5700,0.005700,8,2852,1501,4625,0,59
DeterministicSelect,SORTED,500,1,5600,0.005600,8,2852,1501,4625,0,59
DeterministicSelect,SORTED,500,2,5800,0.005800,8,2852,1501,4625,0,59
DeterministicSelect,SORTED,500,3,5600,0.005600,8,2852,1501,4625,0,59
DeterministicSelect,SORTED,500,4,5800,0.005800,8,2852,1501,4625,0,59
DeterministicSelect,SORTED,500,5,5500,0.005500,8,2852,1501,4625,0,59
DeterministicSelect,SORTED,500,6,5500,0.005500,8,2852,1501,4625,0,59
Sort+Index,SORTED,500,0,1300,0.001300,0,0,0,0,0,0
Sort+Index,SORTED,500,1,200,0.000200,0,0,0,0,0,0
Sort+Index,SORTED,500,2,200,0.000200,0,0,0,0,0,0
Sort+Index,SORTED,500,3,100,0.000100,0,0,0,0,0,0
Sort+Index,SORTED,500,4,200,0.000200,0,0,0,0,0,0
Sort+Index,SORTED,500,5,100,0.000100,0,0,0,0,0,0
Sort+Index,SORTED,500,6,200,0.000200,0,0,0,0,0,0
DeterministicSelect,SORTED,1000,0,10700,0.010700,8,5528,2947,9024,0,70
DeterministicSelect,SORTED,1000,1,10700,0.010700,8,5528,2947,9024,0,70
DeterministicSelect,SORTED,1000,2,10400,0.010400,8,5528,2947,9024,0,70
DeterministicSelect,SORTED,1000,3,10500,0.010500,8,5528,2947,9024,0,70
DeterministicSelect,SORTED,1000,4,10300,0.010300,8,5528,2947,9024,0,70
DeterministicSelect,SORTED,1000,5,10400,0.010400,8,5528,2947,9024,0,70
DeterministicSelect,SORTED,1000,6,10500,0.010500,8,5528,2947,9024,0,70
Sort+Index,SORTED,1000,0,600,0.000600,0,0,0,0,0,0
Sort+Index,SORTED,1000,1,200,0.000200,0,0,0,0,0,0
Sort+Index,SORTED,1000,2,200,0.000200,0,0,0,0,0,0
Sort+Index,SORTED,1000,3,200,0.000200,0,0,0,0,0,0
Sort+Index,SORTED,1000,4,200,0.000200,0,0,0,0,0,0
Sort+Index,SORTED,1000,5,200,0.000200,0,0,0,0,0,0
Sort+Index,SORTED,1000,6,200,0.000200,0,0,0,0,0,0
DeterministicSelect,SORTED,5000,0,80400,0.080400,11,30250,15969,49365,0,201
DeterministicSelect,SORTED,5000,1,56500,0.056500,11,30250,15969,49365,0,201
DeterministicSelect,SORTED,5000,2,55000,0.055000,11,30250,15969,49365,0,201
DeterministicSelect,SORTED,5000,3,54100,0.054100,11,30250,15969,49365,0,201
DeterministicSelect,SORTED,5000,4,55600,0.055600,11,30250,15969,49365,0,201
DeterministicSelect,SORTED,5000,5,55300,0.055300,11,30250,15969,49365,0,201
DeterministicSelect,SORTED,5000,6,55000,0.055000,11,30250,15969,49365,0,201
Sort+Index,SORTED,5000,0,1800,0.001800,0,0,0,0,0,0
Sort+Index,SORTED,5000,1,900,0.000900,0,0,0,0,0,0
Sort+Index,SORTED,5000,2,800,0.000800,0,0,0,0,0,0
Sort+Index,SORTED,5000,3,700,0.000700,0,0,0,0,0,0
Sort+Index,SORTED,5000,4,800,0.000800,0,0,0,0,0,0
Sort+Index,SORTED,5000,5,800,0.000800,0,0,0,0,0,0
Sort+Index,SORTED,5000,6,800,0.000800,0,0,0,0,0,0
DeterministicSelect,SORTED,10000,0,103400,0.103400,12,58488,31104,95644,0,256
DeterministicSelect,SORTED,10000,1,103000,0.103000,12,58488,31104,95644,0,256
DeterministicSelect,SORTED,10000,2,104700,0.104700,12,58488,31104,95644,0,256
DeterministicSelect,SORTED,10000,3,103100,0.103100,12,58488,31104,95644,0,256
DeterministicSelect,SORTED,10000,4,104400,0.104400,12,58488,31104,95644,0,256
DeterministicSelect,SORTED,10000,5,105700,0.105700,12,58488,31104,95644,0,256
DeterministicSelect,SORTED,10000,6,106900,0.106900,12,58488,31104,95644,0,256
Sort+Index,SORTED,10000,0,2500,0.002500,0,0,0,0,0,0
Sort+Index,SORTED,10000,1,1600,0.001600,0,0,0,0,0,0
Sort+Index,SORTED,10000,2,1500,0.001500,0,0,0,0,0,0
Sort+Index,SORTED,10000,3,1500,0.001500,0,0,0,0,0,0
Sort+Index,SORTED,10000,4,1500,0.001500,0,0,0,0,0,0
Sort+Index,SORTED,10000,5,1500,0.001500,0,0,0,0,0,0
Sort+Index,SORTED,10000,6,1500,0.001500,0,0,0,0,0,0
DeterministicSelect,SORTED,50000,0,675300,0.675300,14,310830,163743,507621,0,741
DeterministicSelect,SORTED,50000,1,675400,0.675400,14,310830,163743,507621,0,741
DeterministicSelect,SORTED,50000,2,710000,0.710000,14,310830,163743,507621,0,741
DeterministicSelect,SORTED,50000,3,717900,0.717900,14,310830,163743,507621,0,741
DeterministicSelect,SORTED,50000,4,663500,0.663500,14,310830,163743,507621,0,741
DeterministicSelect,SORTED,50000,5,662000,0.662000,14,310830,163743,507621,0,741
DeterministicSelect,SORTED,50000,6,663600,0.663600,14,310830,163743,507621,0,741
Sort+Index,SORTED,50000,0,8300,0.008300,0,0,0,0,0,0
Sort+Index,SORTED,50000,1,7300,0.007300,0,0,0,0,0,0
Sort+Index,SORTED,50000,2,7200,0.007200,0,0,0,0,0,0
Sort+Index,SORTED,50000,3,7200,0.007200,0,0,0,0,0,0
Sort+Index,SORTED,50000,4,7200,0.007200,0,0,0,0,0,0
Sort+Index,SORTED,50000,5,7500,0.007500,0,0,0,0,0,0
Sort+Index,SORTED,50000,6,7100,0.007100,0,0,0,0,0,0
DeterministicSelect,SORTED,100000,0,1299100,1.299100,16,597926,317156,978288,0,972
DeterministicSelect,SORTED,100000,1,1345500,1.345500,16,597926,317156,978288,0,972
DeterministicSelect,SORTED,100000,2,1281100,1.281100,16,597926,317156,978288,0,972
DeterministicSelect,SORTED,100000,3,1494000,1.494000,16,597926,317156,978288,0,972
DeterministicSelect,SORTED,100000,4,1411700,1.411700,16,597926,317156,978288,0,972
DeterministicSelect,SORTED,100000,5,1346300,1.346300,16,597926,317156,978288,0,972
DeterministicSelect,SORTED,100000,6,1306300,1.306300,16,597926,317156,978288,0,972
Sort+Index,SORTED,100000,0,17800,0.017800,0,0,0,0,0,0
Sort+Index,SORTED,100000,1,17000,0.017000,0,0,0,0,0,0
Sort+Index,SORTED,100000,2,16900,0.016900,0,0,0,0,0,0
Sort+Index,SORTED,100000,3,16900,0.016900,0,0,0,0,0,0
Sort+Index,SORTED,100000,4,17000,0.017000,0,0,0,0,0,0
Sort+Index,SORTED,100000,5,17900,0.017900,0,0,0,0,0,0
Sort+Index,SORTED,100000,6,16600,0.016600,0,0,0,0,0,0
DeterministicSelect,SORTED,200000,0,2753900,2.753900,17,1255403,659553,2049507,0,1667
DeterministicSelect,SORTED,200000,1,2766300,2.766300,17,1255403,659553,2049507,0,1667
DeterministicSelect,SORTED,200000,2,2685600,2.685600,17,1255403,659553,2049507,0,1667
DeterministicSelect,SORTED,200000,3,4380500,4.380500,17,1255403,659553,2049507,0,1667
DeterministicSelect,SORTED,200000,4,2690200,2.690200,17,1255403,659553,2049507,0,1667
DeterministicSelect,SORTED,200000,5,4515400,4.515400,17,1255403,659553,2049507,0,1667
DeterministicSelect,SORTED,200000,6,2695700,2.695700,17,1255403,659553,2049507,0,1667
Sort+Index,SORTED,200000,0,41300,0.041300,0,0,0,0,0,0
Sort+Index,SORTED,200000,1,46200,0.046200,0,0,0,0,0,0
Sort+Index,SORTED,200000,2,40200,0.040200,0,0,0,0,0,0
Sort+Index,SORTED,200000,3,42000,0.042000,0,0,0,0,0,0
Sort+Index,SORTED,200000,4,42100,0.042100,0,0,0,0,0,0
Sort+Index,SORTED,200000,5,44600,0.044600,0,0,0,0,0,0
Sort+Index,SORTED,200000,6,40700,0.040700,0,0,0,0,0,0
DeterministicSelect,REVERSE_SORTED,100,0,1800,0.001800,5,650,256,1056,0,18
DeterministicSelect,REVERSE_SORTED,100,1,1400,0.001400,5,650,256,1056,0,18
DeterministicSelect,REVERSE_SORTED,100,2,1400,0.001400,5,650,256,1056,0,18
DeterministicSelect,REVERSE_SORTED,100,3,1700,0.001700,5,650,256,1056,0,18
DeterministicSelect,REVERSE_SORTED,100,4,1500,0.001500,5,650,256,1056,0,18
DeterministicSelect,REVERSE_SORTED,100,5,1500,0.001500,5,650,256,1056,0,18
DeterministicSelect,REVERSE_SORTED,100,6,1500,0.001500,5,650,256,1056,0,18
Sort+Index,REVERSE_SORTED,100,0,2000,0.002000,0,0,0,0,0,0
Sort+Index,REVERSE_SORTED,100,1,100,0.000100,0,0,0,0,0,0
Sort+Index,REVERSE_SORTED,100,2,100,0.000100,0,0,0,0,0,0
Sort+Index,REVERSE_SORTED,100,3,100,0.000100,0,0,0,0,0,0
Sort+Index,REVERSE_SORTED,100,4,200,0.000200,0,0,0,0,0,0
Sort+Index,REVERSE_SORTED,100,5,100,0.000100,0,0,0,0,0,0
Sort+Index,REVERSE_SORTED,100,6,100,0.000100,0,0,0,0,0,0
DeterministicSelect,REVERSE_SORTED,500,0,7600,0.007600,8,3778,1543,6121,0,55
DeterministicSelect,REVERSE_SORTED,500,1,8200,0.008200,8,3778,1543,6121,0,55
DeterministicSelect,REVERSE_SORTED,500,2,7900,0.007900,8,3778,1543,6121,0,55
DeterministicSelect,REVERSE_SORTED,500,3,7800,0.007800,8,3778,1543,6121,0,55
DeterministicSelect,REVERSE_SORTED,500,4,7700,0.007700,8,3778,1543,6121,0,55
DeterministicSelect,REVERSE_SORTED,500,5,7600,0.007600,8,3778,1543,6121,0,55
DeterministicSelect,REVERSE_SORTED,500,6,7700,0.007700,8,3778,1543,6121,0,55
Sort+Index,REVERSE_SORTED,500,0,1200,0.001200,0,0,0,0,0,0
Sort+Index,REVERSE_SORTED,500,1,400,0.000400,0,0,0,0,0,0
Sort+Index,REVERSE_SORTED,500,2,300,0.000300,0,0,0,0,0,0
Sort+Index,REVERSE_SORTED,500,3,400,0.000400,0,0,0,0,0,0
Sort+Index,REVERSE_SORTED,500,4,300,0.000300,0,0,0,0,0,0
Sort+Index,REVERSE_SORTED,500,5,300,0.000300,0,0,0,0,0,0
Sort+Index,REVERSE_SORTED,500,6,300,0.000300,0,0,0,0,0,0
DeterministicSelect,REVERSE_SORTED,1000,0,16000,0.016000,9,7793,3196,12609,0,78
DeterministicSelect,REVERSE_SORTED,1000,1,16200,0.016200,9,7793,3196,12609,0,78
DeterministicSelect,REVERSE_SORTED,1000,2,15900,0.015900,9,7793,3196,12609,0,78
DeterministicSelect,REVERSE_SORTED,1000,3,15400,0.015400,9,7793,3196,12609,0,78
DeterministicSelect,REVERSE_SORTED,1000,4,15500,0.015500,9,7793,3196,12609,0,78
DeterministicSelect,REVERSE_SORTED,1000,5,15100,0.015100,9,7793,3196,12609,0,78
DeterministicSelect,REVERSE_SORTED,1000,6,15900,0.015900,9,7793,3196,12609,0,78
Sort+Index,REVERSE_SORTED,1000,0,2100,0.002100,0,0,0,0,0,0
Sort+Index,REVERSE_SORTED,1000,1,600,0.000600,0,0,0,0,0,0
Sort+Index,REVERSE_SORTED,1000,2,500,0.000500,0,0,0,0,0,0
Sort+Index,REVERSE_SORTED,1000,3,500,0.000500,0,0,0,0,0,0
Sort+Index,REVERSE_SORTED,1000,4,500,0.000500,0,0,0,0,0,0
Sort+Index,REVERSE_SORTED,1000,5,600,0.000600,0,0,0,0,0,0
Sort+Index,REVERSE_SORTED,1000,6,600,0.000600,0,0,0,0,0,0
DeterministicSelect,REVERSE_SORTED,5000,0,82400,0.082400,12,41114,17152,66806,0,224
DeterministicSelect,REVERSE_SORTED,5000,1,82400,0.082400,12,41114,17152,66806,0,224
DeterministicSelect,REVERSE_SORTED,5000,2,82600,0.082600,12,41114,17152,66806,0,224
DeterministicSelect,REVERSE_SORTED,5000,3,82100,0.082100,12,41114,17152,66806,0,224
DeterministicSelect,REVERSE_SORTED,5000,4,82300,0.082300,12,41114,17152,66806,0,224
DeterministicSelect,REVERSE_SORTED,5000,5,82800,0.082800,12,41114,17152,66806,0,224
DeterministicSelect,REVERSE_SORTED,5000,6,82600,0.082600,12,41114,17152,66806,0,224
Sort+Index,REVERSE_SORTED,5000,0,3000,0.003000,0,0,0,0,0,0
Sort+Index,REVERSE_SORTED,5000,1,2300,0.002300,0,0,0,0,0,0
Sort+Index,REVERSE_SORTED,5000,2,2200,0.002200,0,0,0,0,0,0
Sort+Index,REVERSE_SORTED,5000,3,2300,0.002300,0,0,0,0,0,0
Sort+Index,REVERSE_SORTED,5000,4,2300,0.002300,0,0,0,0,0,0
Sort+Index,REVERSE_SORTED,5000,5,2300,0.002300,0,0,0,0,0,0
Sort+Index,REVERSE_SORTED,5000,6,2300,0.002300,0,0,0,0,0,0
DeterministicSelect,REVERSE_SORTED,10000,0,184100,0.184100,12,83617,34914,135425,0,363
DeterministicSelect,REVERSE_SORTED,10000,1,183100,0.183100,12,83617,34914,135425,0,363
DeterministicSelect,REVERSE_SORTED,10000,2,181200,0.181200,12,83617,34914,135425,0,363
DeterministicSelect,REVERSE_SORTED,10000,3,178100,0.178100,12,83617,34914,135425,0,363
DeterministicSelect,REVERSE_SORTED,10000,4,180500,0.180500,12,83617,34914,135425,0,363
DeterministicSelect,REVERSE_SORTED,10000,5,184500,0.184500,12,83617,34914,135425,0,363
DeterministicSelect,REVERSE_SORTED,10000,6,180500,0.180500,12,83617,34914,135425,0,363
Sort+Index,REVERSE_SORTED,10000,0,5600,0.005600,0,0,0,0,0,0
Sort+Index,REVERSE_SORTED,10000,1,4500,0.004500,0,0,0,0,0,0
Sort+Index,REVERSE_SORTED,10000,2,4400,0.004400,0,0,0,0,0,0
Sort+Index,REVERSE_SORTED,10000,3,4400,0.004400,0,0,0,0,0,0
Sort+Index,REVERSE_SORTED,10000,4,4300,0.004300,0,0,0,0,0,0
Sort+Index,REVERSE_SORTED,10000,5,4400,0.004400,0,0,0,0,0,0
Sort+Index,REVERSE_SORTED,10000,6,4400,0.004400,0,0,0,0,0,0
DeterministicSelect,REVERSE_SORTED,50000,0,1685200,1.685200,15,422244,177048,686091,0,931
DeterministicSelect,REVERSE_SORTED,50000,1,1019500,1.019500,15,422244,177048,686091,0,931
DeterministicSelect,REVERSE_SORTED,50000,2,998200,0.998200,15,422244,177048,686091,0,931
DeterministicSelect,REVERSE_SORTED,50000,3,999900,0.999900,15,422244,177048,686091,0,931
DeterministicSelect,REVERSE_SORTED,50000,4,976100,0.976100,15,422244,177048,686091,0,931
DeterministicSelect,REVERSE_SORTED,50000,5,966300,0.966300,15,422244,177048,686091,0,931
DeterministicSelect,REVERSE_SORTED,50000,6,960500,0.960500,15,422244,177048,686091,0,931
Sort+Index,REVERSE_SORTED,50000,0,53500,0.053500,0,0,0,0,0,0
Sort+Index,REVERSE_SORTED,50000,1,51900,0.051900,0,0,0,0,0,0
Sort+Index,REVERSE_SORTED,50000,2,52100,0.052100,0,0,0,0,0,0
Sort+Index,REVERSE_SORTED,50000,3,51900,0.051900,0,0,0,0,0,0
Sort+Index,REVERSE_SORTED,50000,4,51900,0.051900,0,0,0,0,0,0
Sort+Index,REVERSE_SORTED,50000,5,51900,0.051900,0,0,0,0,0,0
Sort+Index,REVERSE_SORTED,50000,6,52000,0.052000,0,0,0,0,0,0
DeterministicSelect,REVERSE_SORTED,100000,0,2016000,2.016000,16,851693,358020,1386088,0,1484
DeterministicSelect,REVERSE_SORTED,100000,1,2475100,2.475100,16,851693,358020,1386088,0,1484
DeterministicSelect,REVERSE_SORTED,100000,2,2206500,2.206500,16,851693,358020,1386088,0,1484
DeterministicSelect,REVERSE_SORTED,100000,3,2034200,2.034200,16,851693,358020,1386088,0,1484
DeterministicSelect,REVERSE_SORTED,100000,4,2036200,2.036200,16,851693,358020,1386088,0,1484
DeterministicSelect,REVERSE_SORTED,100000,5,2189800,2.189800,16,851693,358020,1386088,0,1484
DeterministicSelect,REVERSE_SORTED,100000,6,2025400,2.025400,16,851693,358020,1386088,0,1484
Sort+Index,REVERSE_SORTED,100000,0,47600,0.047600,0,0,0,0,0,0
Sort+Index,REVERSE_SORTED,100000,1,47800,0.047800,0,0,0,0,0,0
Sort+Index,REVERSE_SORTED,100000,2,46900,0.046900,0,0,0,0,0,0
Sort+Index,REVERSE_SORTED,100000,3,47000,0.047000,0,0,0,0,0,0
Sort+Index,REVERSE_SORTED,100000,4,53400,0.053400,0,0,0,0,0,0
Sort+Index,REVERSE_SORTED,100000,5,48000,0.048000,0,0,0,0,0,0
Sort+Index,REVERSE_SORTED,100000,6,47200,0.047200,0,0,0,0,0,0
DeterministicSelect,REVERSE_SORTED,200000,0,5118300,5.118300,16,1705591,720809,2777419,0,2305
DeterministicSelect,REVERSE_SORTED,200000,1,5197400,5.197400,16,1705591,720809,2777419,0,2305
DeterministicSelect,REVERSE_SORTED,200000,2,4042900,4.042900,16,1705591,720809,2777419,0,2305
DeterministicSelect,REVERSE_SORTED,200000,3,4175200,4.175200,16,1705591,720809,2777419,0,2305
DeterministicSelect,REVERSE_SORTED,200000,4,4642800,4.642800,16,1705591,720809,2777419,0,2305
DeterministicSelect,REVERSE_SORTED,200000,5,3949900,3.949900,16,1705591,720809,2777419,0,2305
DeterministicSelect,REVERSE_SORTED,200000,6,4001100,4.001100,16,1705591,720809,2777419,0,2305
Sort+Index,REVERSE_SORTED,200000,0,94100,0.094100,0,0,0,0,0,0
Sort+Index,REVERSE_SORTED,200000,1,115300,0.115300,0,0,0,0,0,0
Sort+Index,REVERSE_SORTED,200000,2,96700,0.096700,0,0,0,0,0,0
Sort+Index,REVERSE_SORTED,200000,3,135900,0.135900,0,0,0,0,0,0
Sort+Index,REVERSE_SORTED,200000,4,101900,0.101900,0,0,0,0,0,0
Sort+Index,REVERSE_SORTED,200000,5,97800,0.097800,0,0,0,0,0,0
Sort+Index,REVERSE_SORTED,200000,6,149700,0.149700,0,0,0,0,0,0
DeterministicSelect,DUPLICATE_HEAVY,100,0,900,0.000900,3,316,122,467,0,3
DeterministicSelect,DUPLICATE_HEAVY,100,1,900,0.000900,3,316,122,467,0,3
DeterministicSelect,DUPLICATE_HEAVY,100,2,700,0.000700,3,316,122,467,0,3
DeterministicSelect,DUPLICATE_HEAVY,100,3,700,0.000700,3,316,122,467,0,3
DeterministicSelect,DUPLICATE_HEAVY,100,4,700,0.000700,3,316,122,467,0,3
DeterministicSelect,DUPLICATE_HEAVY,100,5,600,0.000600,3,316,122,467,0,3
DeterministicSelect,DUPLICATE_HEAVY,100,6,700,0.000700,3,316,122,467,0,3
Sort+Index,DUPLICATE_HEAVY,100,0,3800,0.003800,0,0,0,0,0,0
Sort+Index,DUPLICATE_HEAVY,100,1,1200,0.001200,0,0,0,0,0,0
Sort+Index,DUPLICATE_HEAVY,100,2,700,0.000700,0,0,0,0,0,0
Sort+Index,DUPLICATE_HEAVY,100,3,600,0.000600,0,0,0,0,0,0
Sort+Index,DUPLICATE_HEAVY,100,4,600,0.000600,0,0,0,0,0,0
Sort+Index,DUPLICATE_HEAVY,100,5,700,0.000700,0,0,0,0,0,0
Sort+Index,DUPLICATE_HEAVY,100,6,700,0.000700,0,0,0,0,0,0
DeterministicSelect,DUPLICATE_HEAVY,500,0,3200,0.003200,5,1598,630,2370,0,7
DeterministicSelect,DUPLICATE_HEAVY,500,1,3200,0.003200,5,1598,630,2370,0,7
DeterministicSelect,DUPLICATE_HEAVY,500,2,3000,0.003000,5,1598,630,2370,0,7
DeterministicSelect,DUPLICATE_HEAVY,500,3,3100,0.003100,5,1598,630,2370,0,7
DeterministicSelect,DUPLICATE_HEAVY,500,4,3100,0.003100,5,1598,630,2370,0,7
DeterministicSelect,DUPLICATE_HEAVY,500,5,3000,0.003000,5,1598,630,2370,0,7
DeterministicSelect,DUPLICATE_HEAVY,500,6,3100,0.003100,5,1598,630,2370,0,7
Sort+Index,DUPLICATE_HEAVY,500,0,7300,0.007300,0,0,0,0,0,0
Sort+Index,DUPLICATE_HEAVY,500,1,4000,0.004000,0,0,0,0,0,0
Sort+Index,DUPLICATE_HEAVY,500,2,2900,0.002900,0,0,0,0,0,0
Sort+Index,DUPLICATE_HEAVY,500,3,2300,0.002300,0,0,0,0,0,0
Sort+Index,DUPLICATE_HEAVY,500,4,2200,0.002200,0,0,0,0,0,0
Sort+Index,DUPLICATE_HEAVY,500,5,2200,0.002200,0,0,0,0,0,0
Sort+Index,DUPLICATE_HEAVY,500,6,2100,0.002100,0,0,0,0,0,0
DeterministicSelect,DUPLICATE_HEAVY,1000,0,6000,0.006000,5,3121,1233,4604,0,7
DeterministicSelect,DUPLICATE_HEAVY,1000,1,6100,0.006100,5,3121,1233,4604,0,7
DeterministicSelect,DUPLICATE_HEAVY,1000,2,6000,0.006000,5,3121,1233,4604,0,7
DeterministicSelect,DUPLICATE_HEAVY,1000,3,5900,0.005900,5,3121,1233,4604,0,7
DeterministicSelect,DUPLICATE_HEAVY,1000,4,5900,0.005900,5,3121,1233,4604,0,7
DeterministicSelect,DUPLICATE_HEAVY,1000,5,5900,0.005900,5,3121,1233,4604,0,7
DeterministicSelect,DUPLICATE_HEAVY,1000,6,5800,0.005800,5,3121,1233,4604,0,7
Sort+Index,DUPLICATE_HEAVY,1000,0,13000,0.013000,0,0,0,0,0,0
Sort+Index,DUPLICATE_HEAVY,1000,1,7100,0.007100,0,0,0,0,0,0
Sort+Index,DUPLICATE_HEAVY,1000,2,4200,0.004200,0,0,0,0,0,0
Sort+Index,DUPLICATE_HEAVY,1000,3,3500,0.003500,0,0,0,0,0,0
Sort+Index,DUPLICATE_HEAVY,1000,4,3100,0.003100,0,0,0,0,0,0
Sort+Index,DUPLICATE_HEAVY,1000,5,3000,0.003000,0,0,0,0,0,0
Sort+Index,DUPLICATE_HEAVY,1000,6,3000,0.003000,0,0,0,0,0,0
DeterministicSelect,DUPLICATE_HEAVY,5000,0,32900,0.032900,6,15563,6133,22991,0,6
DeterministicSelect,DUPLICATE_HEAVY,5000,1,42100,0.042100,6,15563,6133,22991,0,6
DeterministicSelect,DUPLICATE_HEAVY,5000,2,39300,0.039300,6,15563,6133,22991,0,6
DeterministicSelect,DUPLICATE_HEAVY,5000,3,36700,0.036700,6,15563,6133,22991,0,6
DeterministicSelect,DUPLICATE_HEAVY,5000,4,35100,0.035100,6,15563,6133,22991,0,6
DeterministicSelect,DUPLICATE_HEAVY,5000,5,34500,0.034500,6,15563,6133,22991,0,6
DeterministicSelect,DUPLICATE_HEAVY,5000,6,33200,0.033200,6,15563,6133,22991,0,6
Sort+Index,DUPLICATE_HEAVY,5000,0,64300,0.064300,0,0,0,0,0,0
Sort+Index,DUPLICATE_HEAVY,5000,1,54200,0.054200,0,0,0,0,0,0
Sort+Index,DUPLICATE_HEAVY,5000,2,48100,0.048100,0,0,0,0,0,0
Sort+Index,DUPLICATE_HEAVY,5000,3,44500,0.044500,0,0,0,0,0,0
Sort+Index,DUPLICATE_HEAVY,5000,4,43600,0.043600,0,0,0,0,0,0
Sort+Index,DUPLICATE_HEAVY,5000,5,42900,0.042900,0,0,0,0,0,0
Sort+Index,DUPLICATE_HEAVY,5000,6,41800,0.041800,0,0,0,0,0,0
DeterministicSelect,DUPLICATE_HEAVY,10000,0,110400,0.110400,7,31469,12733,46902,0,10
DeterministicSelect,DUPLICATE_HEAVY,10000,1,127700,0.127700,7,31469,12733,46902,0,10
DeterministicSelect,DUPLICATE_HEAVY,10000,2,121100,0.121100,7,31469,12733,46902,0,10
DeterministicSelect,DUPLICATE_HEAVY,10000,3,114800,0.114800,7,31469,12733,46902,0,10
DeterministicSelect,DUPLICATE_HEAVY,10000,4,110800,0.110800,7,31469,12733,46902,0,10
DeterministicSelect,DUPLICATE_HEAVY,10000,5,108400,0.108400,7,31469,12733,46902,0,10
DeterministicSelect,DUPLICATE_HEAVY,10000,6,106600,0.106600,7,31469,12733,46902,0,10
Sort+Index,DUPLICATE_HEAVY,10000,0,110400,0.110400,0,0,0,0,0,0
Sort+Index,DUPLICATE_HEAVY,10000,1,102700,0.102700,0,0,0,0,0,0
Sort+Index,DUPLICATE_HEAVY,10000,2,97300,0.097300,0,0,0,0,0,0
Sort+Index,DUPLICATE_HEAVY,10000,3,94700,0.094700,0,0,0,0,0,0
Sort+Index,DUPLICATE_HEAVY,10000,4,95700,0.095700,0,0,0,0,0,0
Sort+Index,DUPLICATE_HEAVY,10000,5,90200,0.090200,0,0,0,0,0,0
Sort+Index,DUPLICATE_HEAVY,10000,6,84200,0.084200,0,0,0,0,0,0
DeterministicSelect,DUPLICATE_HEAVY,50000,0,803500,0.803500,8,173187,67437,250972,0,20
DeterministicSelect,DUPLICATE_HEAVY,50000,1,765000,0.765000,8,173187,67437,250972,0,20
DeterministicSelect,DUPLICATE_HEAVY,50000,2,764000,0.764000,8,173187,67437,250972,0,20
DeterministicSelect,DUPLICATE_HEAVY,50000,3,761400,0.761400,8,173187,67437,250972,0,20
DeterministicSelect,DUPLICATE_HEAVY,50000,4,773300,0.773300,8,173187,67437,250972,0,20
DeterministicSelect,DUPLICATE_HEAVY,50000,5,757000,0.757000,8,173187,67437,250972,0,20
DeterministicSelect,DUPLICATE_HEAVY,50000,6,779300,0.779300,8,173187,67437,250972,0,20
Sort+Index,DUPLICATE_HEAVY,50000,0,1218700,1.218700,0,0,0,0,0,0
Sort+Index,DUPLICATE_HEAVY,50000,1,517500,0.517500,0,0,0,0,0,0
Sort+Index,DUPLICATE_HEAVY,50000,2,519900,0.519900,0,0,0,0,0,0
Sort+Index,DUPLICATE_HEAVY,50000,3,1925500,1.925500,0,0,0,0,0,0
Sort+Index,DUPLICATE_HEAVY,50000,4,529600,0.529600,0,0,0,0,0,0
Sort+Index,DUPLICATE_HEAVY,50000,5,515200,0.515200,0,0,0,0,0,0
Sort+Index,DUPLICATE_HEAVY,50000,6,504600,0.504600,0,0,0,0,0,0
DeterministicSelect,DUPLICATE_HEAVY,100000,0,1349200,1.349200,8,308899,127248,465169,0,8
DeterministicSelect,DUPLICATE_HEAVY,100000,1,1435300,1.435300,8,308899,127248,465169,0,8
DeterministicSelect,DUPLICATE_HEAVY,100000,2,1412100,1.412100,8,308899,127248,465169,0,8
DeterministicSelect,DUPLICATE_HEAVY,100000,3,1372000,1.372000,8,308899,127248,465169,0,8
DeterministicSelect,DUPLICATE_HEAVY,100000,4,1438300,1.438300,8,308899,127248,465169,0,8
DeterministicSelect,DUPLICATE_HEAVY,100000,5,1379500,1.379500,8,308899,127248,465169,0,8
DeterministicSelect,DUPLICATE_HEAVY,100000,6,1347300,1.347300,8,308899,127248,465169,0,8
Sort+Index,DUPLICATE_HEAVY,100000,0,3064300,3.064300,0,0,0,0,0,0
Sort+Index,DUPLICATE_HEAVY,100000,1,2054600,2.054600,0,0,0,0,0,0
Sort+Index,DUPLICATE_HEAVY,100000,2,951200,0.951200,0,0,0,0,0,0
Sort+Index,DUPLICATE_HEAVY,100000,3,950200,0.950200,0,0,0,0,0,0
Sort+Index,DUPLICATE_HEAVY,100000,4,921300,0.921300,0,0,0,0,0,0
Sort+Index,DUPLICATE_HEAVY,100000,5,1013300,1.013300,0,0,0,0,0,0
Sort+Index,DUPLICATE_HEAVY,100000,6,974200,0.974200,0,0,0,0,0,0
DeterministicSelect,DUPLICATE_HEAVY,200000,0,4687000,4.687000,9,1042790,403439,1500411,0,29
DeterministicSelect,DUPLICATE_HEAVY,200000,1,6016800,6.016800,9,1042790,403439,1500411,0,29
DeterministicSelect,DUPLICATE_HEAVY,200000,2,4543300,4.543300,9,1042790,403439,1500411,0,29
DeterministicSelect,DUPLICATE_HEAVY,200000,3,4488300,4.488300,9,1042790,403439,1500411,0,29
DeterministicSelect,DUPLICATE_HEAVY,200000,4,4427500,4.427500,9,1042790,403439,1500411,0,29
DeterministicSelect,DUPLICATE_HEAVY,200000,5,4811500,4.811500,9,1042790,403439,1500411,0,29
DeterministicSelect,DUPLICATE_HEAVY,200000,6,4551000,4.551000,9,1042790,403439,1500411,0,29
Sort+Index,DUPLICATE_HEAVY,200000,0,2056500,2.056500,0,0,0,0,0,0
Sort+Index,DUPLICATE_HEAVY,200000,1,3258600,3.258600,0,0,0,0,0,0
Sort+Index,DUPLICATE_HEAVY,200000,2,2120300,2.120300,0,0,0,0,0,0
Sort+Index,DUPLICATE_HEAVY,200000,3,2124500,2.124500,0,0,0,0,0,0
Sort+Index,DUPLICATE_HEAVY,200000,4,2097100,2.097100,0,0,0,0,0,0
Sort+Index,DUPLICATE_HEAVY,200000,5,2112500,2.112500,0,0,0,0,0,0
Sort+Index,DUPLICATE_HEAVY,200000,6,2106900,2.106900,0,0,0,0,0,0
ClosestPair,UNIFORM,100,0,18600,0.018600,7,677,0,1147,300,71
ClosestPair,UNIFORM,100,1,13300,0.013300,7,677,0,1147,300,71
ClosestPair,UNIFORM,100,2,12800,0.012800,7,677,0,1147,300,71
ClosestPair,UNIFORM,100,3,12700,0.012700,7,677,0,1147,300,71
ClosestPair,UNIFORM,100,4,12800,0.012800,7,677,0,1147,300,71
ClosestPair,UNIFORM,100,5,13000,0.013000,7,677,0,1147,300,71
ClosestPair,UNIFORM,100,6,13000,0.013000,7,677,0,1147,300,71
ClosestPairBruteForce,UNIFORM,100,0,19400,0.019400,0,0,0,0,0,0
ClosestPairBruteForce,UNIFORM,100,1,19600,0.019600,0,0,0,0,0,0
ClosestPairBruteForce,UNIFORM,100,2,19200,0.019200,0,0,0,0,0,0
ClosestPairBruteForce,UNIFORM,100,3,18900,0.018900,0,0,0,0,0,0
ClosestPairBruteForce,UNIFORM,100,4,19700,0.019700,0,0,0,0,0,0
ClosestPairBruteForce,UNIFORM,100,5,19000,0.019000,0,0,0,0,0,0
ClosestPairBruteForce,UNIFORM,100,6,19200,0.019200,0,0,0,0,0,0
ClosestPair,UNIFORM,500,0,90700,0.090700,9,4416,0,8321,1500,487
ClosestPair,UNIFORM,500,1,90200,0.090200,9,4416,0,8321,1500,487
ClosestPair,UNIFORM,500,2,89800,0.089800,9,4416,0,8321,1500,487
ClosestPair,UNIFORM,500,3,89400,0.089400,9,4416,0,8321,1500,487
ClosestPair,UNIFORM,500,4,89500,0.089500,9,4416,0,8321,1500,487
ClosestPair,UNIFORM,500,5,97200,0.097200,9,4416,0,8321,1500,487
ClosestPair,UNIFORM,500,6,89900,0.089900,9,4416,0,8321,1500,487
ClosestPairBruteForce,UNIFORM,500,0,168700,0.168700,0,0,0,0,0,0
ClosestPairBruteForce,UNIFORM,500,1,168200,0.168200,0,0,0,0,0,0
ClosestPairBruteForce,UNIFORM,500,2,167200,0.167200,0,0,0,0,0,0
ClosestPairBruteForce,UNIFORM,500,3,167300,0.167300,0,0,0,0,0,0
ClosestPairBruteForce,UNIFORM,500,4,167000,0.167000,0,0,0,0,0,0
ClosestPairBruteForce,UNIFORM,500,5,167100,0.167100,0,0,0,0,0,0
ClosestPairBruteForce,UNIFORM,500,6,170400,0.170400,0,0,0,0,0,0
ClosestPair,UNIFORM,1000,0,312000,0.312000,10,9871,0,18631,3000,975
ClosestPair,UNIFORM,1000,1,269600,0.269600,10,9871,0,18631,3000,975
ClosestPair,UNIFORM,1000,2,258900,0.258900,10,9871,0,18631,3000,975
ClosestPair,UNIFORM,1000,3,262100,0.262100,10,9871,0,18631,3000,975
ClosestPair,UNIFORM,1000,4,265900,0.265900,10,9871,0,18631,3000,975
ClosestPair,UNIFORM,1000,5,258000,0.258000,10,9871,0,18631,3000,975
ClosestPair,UNIFORM,1000,6,1522500,1.522500,10,9871,0,18631,3000,975
ClosestPairBruteForce,UNIFORM,1000,0,677300,0.677300,0,0,0,0,0,0
ClosestPairBruteForce,UNIFORM,1000,1,653300,0.653300,0,0,0,0,0,0
ClosestPairBruteForce,UNIFORM,1000,2,653200,0.653200,0,0,0,0,0,0
ClosestPairBruteForce,UNIFORM,1000,3,809000,0.809000,0,0,0,0,0,0
ClosestPairBruteForce,UNIFORM,1000,4,712700,0.712700,0,0,0,0,0,0
ClosestPairBruteForce,UNIFORM,1000,5,653200,0.653200,0,0,0,0,0,0
ClosestPairBruteForce,UNIFORM,1000,6,657400,0.657400,0,0,0,0,0,0
ClosestPair,UNIFORM,2000,0,546200,0.546200,11,21705,0,41285,6000,1951
ClosestPair,UNIFORM,2000,1,582100,0.582100,11,21705,0,41285,6000,1951
ClosestPair,UNIFORM,2000,2,550400,0.550400,11,21705,0,41285,6000,1951
ClosestPair,UNIFORM,2000,3,538300,0.538300,11,21705,0,41285,6000,1951
ClosestPair,UNIFORM,2000,4,541700,0.541700,11,21705,0,41285,6000,1951
ClosestPair,UNIFORM,2000,5,536300,0.536300,11,21705,0,41285,6000,1951
ClosestPair,UNIFORM,2000,6,537500,0.537500,11,21705,0,41285,6000,1951
ClosestPairBruteForce,UNIFORM,2000,0,2618400,2.618400,0,0,0,0,0,0
ClosestPairBruteForce,UNIFORM,2000,1,2613500,2.613500,0,0,0,0,0,0
ClosestPairBruteForce,UNIFORM,2000,2,2613700,2.613700,0,0,0,0,0,0
ClosestPairBruteForce,UNIFORM,2000,3,2613200,2.613200,0,0,0,0,0,0
ClosestPairBruteForce,UNIFORM,2000,4,2712800,2.712800,0,0,0,0,0,0
ClosestPairBruteForce,UNIFORM,2000,5,2658600,2.658600,0,0,0,0,0,0
ClosestPairBruteForce,UNIFORM,2000,6,2693700,2.693700,0,0,0,0,0,0
ClosestPair,UNIFORM,5000,0,1383100,1.383100,12,61620,0,114864,15000,4095
ClosestPair,UNIFORM,5000,1,1382100,1.382100,12,61620,0,114864,15000,4095
ClosestPair,UNIFORM,5000,2,1387100,1.387100,12,61620,0,114864,15000,4095
ClosestPair,UNIFORM,5000,3,1371200,1.371200,12,61620,0,114864,15000,4095
ClosestPair,UNIFORM,5000,4,1389400,1.389400,12,61620,0,114864,15000,4095
ClosestPair,UNIFORM,5000,5,1689500,1.689500,12,61620,0,114864,15000,4095
ClosestPair,UNIFORM,5000,6,1481400,1.481400,12,61620,0,114864,15000,4095
ClosestPair,UNIFORM,10000,0,3496300,3.496300,13,133524,0,249737,30000,8191
ClosestPair,UNIFORM,10000,1,3012200,3.012200,13,133524,0,249737,30000,8191
ClosestPair,UNIFORM,10000,2,2999000,2.999000,13,133524,0,249737,30000,8191
ClosestPair,UNIFORM,10000,3,4131700,4.131700,13,133524,0,249737,30000,8191
ClosestPair,UNIFORM,10000,4,3070600,3.070600,13,133524,0,249737,30000,8191
ClosestPair,UNIFORM,10000,5,5087900,5.087900,13,133524,0,249737,30000,8191
ClosestPair,UNIFORM,10000,6,3261100,3.261100,13,133524,0,249737,30000,8191
ClosestPair,UNIFORM,50000,0,18676100,18.676100,16,789299,0,1463645,150000,34463
ClosestPair,UNIFORM,50000,1,18184400,18.184400,16,789299,0,1463645,150000,34463
ClosestPair,UNIFORM,50000,2,18080600,18.080600,16,789299,0,1463645,150000,34463
ClosestPair,UNIFORM,50000,3,18380400,18.380400,16,789299,0,1463645,150000,34463
ClosestPair,UNIFORM,50000,4,18487300,18.487300,16,789299,0,1463645,150000,34463
ClosestPair,UNIFORM,50000,5,18225100,18.225100,16,789299,0,1463645,150000,34463
ClosestPair,UNIFORM,50000,6,19255800,19.255800,16,789299,0,1463645,150000,34463
ClosestPair,UNIFORM,100000,0,40588400,40.588400,17,1679350,0,3127579,300000,68927
ClosestPair,UNIFORM,100000,1,39021300,39.021300,17,1679350,0,3127579,300000,68927
ClosestPair,UNIFORM,100000,2,39952100,39.952100,17,1679350,0,3127579,300000,68927
ClosestPair,UNIFORM,100000,3,41981900,41.981900,17,1679350,0,3127579,300000,68927
ClosestPair,UNIFORM,100000,4,40338500,40.338500,17,1679350,0,3127579,300000,68927
ClosestPair,UNIFORM,100000,5,39671400,39.671400,17,1679350,0,3127579,300000,68927
ClosestPair,UNIFORM,100000,6,38915600,38.915600,17,1679350,0,3127579,300000,68927
ClosestPair,CLUSTERED,100,0,11700,0.011700,7,685,0,1147,300,71
ClosestPair,CLUSTERED,100,1,11700,0.011700,7,685,0,1147,300,71
ClosestPair,CLUSTERED,100,2,11400,0.011400,7,685,0,1147,300,71
ClosestPair,CLUSTERED,100,3,11600,0.011600,7,685,0,1147,300,71
ClosestPair,CLUSTERED,100,4,11600,0.011600,7,685,0,1147,300,71
ClosestPair,CLUSTERED,100,5,11400,0.011400,7,685,0,1147,300,71
ClosestPair,CLUSTERED,100,6,11600,0.011600,7,685,0,1147,300,71
ClosestPairBruteForce,CLUSTERED,100,0,6900,0.006900,0,0,0,0,0,0
ClosestPairBruteForce,CLUSTERED,100,1,6800,0.006800,0,0,0,0,0,0
ClosestPairBruteForce,CLUSTERED,100,2,7100,0.007100,0,0,0,0,0,0
ClosestPairBruteForce,CLUSTERED,100,3,7100,0.007100,0,0,0,0,0,0
ClosestPairBruteForce,CLUSTERED,100,4,7000,0.007000,0,0,0,0,0,0
ClosestPairBruteForce,CLUSTERED,100,5,6700,0.006700,0,0,0,0,0,0
ClosestPairBruteForce,CLUSTERED,100,6,7000,0.007000,0,0,0,0,0,0
ClosestPair,CLUSTERED,500,0,85500,0.085500,9,3932,0,8320,1500,487
ClosestPair,CLUSTERED,500,1,85800,0.085800,9,3932,0,8320,1500,487
ClosestPair,CLUSTERED,500,2,90100,0.090100,9,3932,0,8320,1500,487
ClosestPair,CLUSTERED,500,3,89100,0.089100,9,3932,0,8320,1500,487
ClosestPair,CLUSTERED,500,4,87900,0.087900,9,3932,0,8320,1500,487
ClosestPair,CLUSTERED,500,5,86000,0.086000,9,3932,0,8320,1500,487
ClosestPair,CLUSTERED,500,6,86100,0.086100,9,3932,0,8320,1500,487
ClosestPairBruteForce,CLUSTERED,500,0,167600,0.167600,0,0,0,0,0,0
ClosestPairBruteForce,CLUSTERED,500,1,167600,0.167600,0,0,0,0,0,0
ClosestPairBruteForce,CLUSTERED,500,2,167400,0.167400,0,0,0,0,0,0
ClosestPairBruteForce,CLUSTERED,500,3,167800,0.167800,0,0,0,0,0,0
ClosestPairBruteForce,CLUSTERED,500,4,181400,0.181400,0,0,0,0,0,0
ClosestPairBruteForce,CLUSTERED,500,5,168400,0.168400,0,0,0,0,0,0
ClosestPairBruteForce,CLUSTERED,500,6,168400,0.168400,0,0,0,0,0,0
ClosestPair,CLUSTERED,1000,0,212500,0.212500,10,8788,0,18629,3000,975
ClosestPair,CLUSTERED,1000,1,228300,0.228300,10,8788,0,18629,3000,975
ClosestPair,CLUSTERED,1000,2,2373400,2.373400,10,8788,0,18629,3000,975
ClosestPair,CLUSTERED,1000,3,263700,0.263700,10,8788,0,18629,3000,975
ClosestPair,CLUSTERED,1000,4,265000,0.265000,10,8788,0,18629,3000,975
ClosestPair,CLUSTERED,1000,5,247100,0.247100,10,8788,0,18629,3000,975
ClosestPair,CLUSTERED,1000,6,228700,0.228700,10,8788,0,18629,3000,975
ClosestPairBruteForce,CLUSTERED,1000,0,660200,0.660200,0,0,0,0,0,0
ClosestPairBruteForce,CLUSTERED,1000,1,3077800,3.077800,0,0,0,0,0,0
ClosestPairBruteForce,CLUSTERED,1000,2,960200,0.960200,0,0,0,0,0,0
ClosestPairBruteForce,CLUSTERED,1000,3,669500,0.669500,0,0,0,0,0,0
ClosestPairBruteForce,CLUSTERED,1000,4,669100,0.669100,0,0,0,0,0,0
ClosestPairBruteForce,CLUSTERED,1000,5,669200,0.669200,0,0,0,0,0,0
ClosestPairBruteForce,CLUSTERED,1000,6,2282100,2.282100,0,0,0,0,0,0
ClosestPair,CLUSTERED,2000,0,506200,0.506200,11,19353,0,41294,6000,1951
ClosestPair,CLUSTERED,2000,1,535500,0.535500,11,19353,0,41294,6000,1951
ClosestPair,CLUSTERED,2000,2,497400,0.497400,11,19353,0,41294,6000,1951
ClosestPair,CLUSTERED,2000,3,498400,0.498400,11,19353,0,41294,6000,1951
ClosestPair,CLUSTERED,2000,4,492600,0.492600,11,19353,0,41294,6000,1951
ClosestPair,CLUSTERED,2000,5,508900,0.508900,11,19353,0,41294,6000,1951
ClosestPair,CLUSTERED,2000,6,495900,0.495900,11,19353,0,41294,6000,1951
ClosestPairBruteForce,CLUSTERED,2000,0,2616100,2.616100,0,0,0,0,0,0
ClosestPairBruteForce,CLUSTERED,2000,1,2944600,2.944600,0,0,0,0,0,0
ClosestPairBruteForce,CLUSTERED,2000,2,2622600,2.622600,0,0,0,0,0,0
ClosestPairBruteForce,CLUSTERED,2000,3,2618700,2.618700,0,0,0,0,0,0
ClosestPairBruteForce,CLUSTERED,2000,4,2617100,2.617100,0,0,0,0,0,0
ClosestPairBruteForce,CLUSTERED,2000,5,2619000,2.619000,0,0,0,0,0,0
ClosestPairBruteForce,CLUSTERED,2000,6,2768100,2.768100,0,0,0,0,0,0
ClosestPair,CLUSTERED,5000,0,1825300,1.825300,12,56734,0,114899,15000,4095
ClosestPair,CLUSTERED,5000,1,2499300,2.499300,12,56734,0,114899,15000,4095
ClosestPair,CLUSTERED,5000,2,1453900,1.453900,12,56734,0,114899,15000,4095
ClosestPair,CLUSTERED,5000,3,1612700,1.612700,12,56734,0,114899,15000,4095
ClosestPair,CLUSTERED,5000,4,2804200,2.804200,12,56734,0,114899,15000,4095
ClosestPair,CLUSTERED,5000,5,1302800,1.302800,12,56734,0,114899,15000,4095
ClosestPair,CLUSTERED,5000,6,1261900,1.261900,12,56734,0,114899,15000,4095
ClosestPair,CLUSTERED,10000,0,2664800,2.664800,13,123270,0,249755,30000,8191
ClosestPair,CLUSTERED,10000,1,2698000,2.698000,13,123270,0,249755,30000,8191
ClosestPair,CLUSTERED,10000,2,3316500,3.316500,13,123270,0,249755,30000,8191
ClosestPair,CLUSTERED,10000,3,2756000,2.756000,13,123270,0,249755,30000,8191
ClosestPair,CLUSTERED,10000,4,2705100,2.705100,13,123270,0,249755,30000,8191
ClosestPair,CLUSTERED,10000,5,2675500,2.675500,13,123270,0,249755,30000,8191
ClosestPair,CLUSTERED,10000,6,3086800,3.086800,13,123270,0,249755,30000,8191
ClosestPair,CLUSTERED,50000,0,17973500,17.973500,16,738230,0,1463317,150000,34463
ClosestPair,CLUSTERED,50000,1,16382000,16.382000,16,738230,0,1463317,150000,34463
ClosestPair,CLUSTERED,50000,2,16350000,16.350000,16,738230,0,1463317,150000,34463
ClosestPair,CLUSTERED,50000,3,20367700,20.367700,16,738230,0,1463317,150000,34463
ClosestPair,CLUSTERED,50000,4,16086800,16.086800,16,738230,0,1463317,150000,34463
ClosestPair,CLUSTERED,50000,5,16719600,16.719600,16,738230,0,1463317,150000,34463
ClosestPair,CLUSTERED,50000,6,15754400,15.754400,16,738230,0,1463317,150000,34463
ClosestPair,CLUSTERED,100000,0,37940000,37.940000,17,1592278,0,3126869,300000,68927
ClosestPair,CLUSTERED,100000,1,36563400,36.563400,17,1592278,0,3126869,300000,68927
ClosestPair,CLUSTERED,100000,2,34956300,34.956300,17,1592278,0,3126869,300000,68927
ClosestPair,CLUSTERED,100000,3,35317200,35.317200,17,1592278,0,3126869,300000,68927
ClosestPair,CLUSTERED,100000,4,35930500,35.930500,17,1592278,0,3126869,300000,68927
ClosestPair,CLUSTERED,100000,5,38896800,38.896800,17,1592278,0,3126869,300000,68927
ClosestPair,CLUSTERED,100000,6,37732300,37.732300,17,1592278,0,3126869,300000,68927
ClosestPair,ON_LINE,100,0,11500,0.011500,7,427,0,1096,300,71
ClosestPair,ON_LINE,100,1,11300,0.011300,7,427,0,1096,300,71
ClosestPair,ON_LINE,100,2,11100,0.011100,7,427,0,1096,300,71
ClosestPair,ON_LINE,100,3,11100,0.011100,7,427,0,1096,300,71
ClosestPair,ON_LINE,100,4,11100,0.011100,7,427,0,1096,300,71
ClosestPair,ON_LINE,100,5,11200,0.011200,7,427,0,1096,300,71
ClosestPair,ON_LINE,100,6,11100,0.011100,7,427,0,1096,300,71
ClosestPairBruteForce,ON_LINE,100,0,7000,0.007000,0,0,0,0,0,0
ClosestPairBruteForce,ON_LINE,100,1,6800,0.006800,0,0,0,0,0,0
ClosestPairBruteForce,ON_LINE,100,2,6700,0.006700,0,0,0,0,0,0
ClosestPairBruteForce,ON_LINE,100,3,6700,0.006700,0,0,0,0,0,0
ClosestPairBruteForce,ON_LINE,100,4,6700,0.006700,0,0,0,0,0,0
ClosestPairBruteForce,ON_LINE,100,5,6700,0.006700,0,0,0,0,0,0
ClosestPairBruteForce,ON_LINE,100,6,6700,0.006700,0,0,0,0,0,0
ClosestPair,ON_LINE,500,0,85600,0.085600,9,2690,0,8184,1500,487
ClosestPair,ON_LINE,500,1,103300,0.103300,9,2690,0,8184,1500,487
ClosestPair,ON_LINE,500,2,87300,0.087300,9,2690,0,8184,1500,487
ClosestPair,ON_LINE,500,3,86000,0.086000,9,2690,0,8184,1500,487
ClosestPair,ON_LINE,500,4,85600,0.085600,9,2690,0,8184,1500,487
ClosestPair,ON_LINE,500,5,85800,0.085800,9,2690,0,8184,1500,487
ClosestPair,ON_LINE,500,6,85500,0.085500,9,2690,0,8184,1500,487
ClosestPairBruteForce,ON_LINE,500,0,168300,0.168300,0,0,0,0,0,0
ClosestPairBruteForce,ON_LINE,500,1,168000,0.168000,0,0,0,0,0,0
ClosestPairBruteForce,ON_LINE,500,2,167500,0.167500,0,0,0,0,0,0
ClosestPairBruteForce,ON_LINE,500,3,167500,0.167500,0,0,0,0,0,0
ClosestPairBruteForce,ON_LINE,500,4,1392600,1.392600,0,0,0,0,0,0
ClosestPairBruteForce,ON_LINE,500,5,163800,0.163800,0,0,0,0,0,0
ClosestPairBruteForce,ON_LINE,500,6,163700,0.163700,0,0,0,0,0,0
ClosestPair,ON_LINE,1000,0,194100,0.194100,10,5887,0,18368,3000,975
ClosestPair,ON_LINE,1000,1,194200,0.194200,10,5887,0,18368,3000,975
ClosestPair,ON_LINE,1000,2,197600,0.197600,10,5887,0,18368,3000,975
ClosestPair,ON_LINE,1000,3,193200,0.193200,10,5887,0,18368,3000,975
ClosestPair,ON_LINE,1000,4,191000,0.191000,10,5887,0,18368,3000,975
ClosestPair,ON_LINE,1000,5,192200,0.192200,10,5887,0,18368,3000,975
ClosestPair,ON_LINE,1000,6,192700,0.192700,10,5887,0,18368,3000,975
ClosestPairBruteForce,ON_LINE,1000,0,661800,0.661800,0,0,0,0,0,0
ClosestPairBruteForce,ON_LINE,1000,1,660500,0.660500,0,0,0,0,0,0
ClosestPairBruteForce,ON_LINE,1000,2,653200,0.653200,0,0,0,0,0,0
ClosestPairBruteForce,ON_LINE,1000,3,653500,0.653500,0,0,0,0,0,0
ClosestPairBruteForce,ON_LINE,1000,4,653100,0.653100,0,0,0,0,0,0
ClosestPairBruteForce,ON_LINE,1000,5,653300,0.653300,0,0,0,0,0,0
ClosestPairBruteForce,ON_LINE,1000,6,666600,0.666600,0,0,0,0,0,0
ClosestPair,ON_LINE,2000,0,424100,0.424100,11,12735,0,40736,6000,1951
ClosestPair,ON_LINE,2000,1,422600,0.422600,11,12735,0,40736,6000,1951
ClosestPair,ON_LINE,2000,2,421500,0.421500,11,12735,0,40736,6000,1951
ClosestPair,ON_LINE,2000,3,422800,0.422800,11,12735,0,40736,6000,1951
ClosestPair,ON_LINE,2000,4,432100,0.432100,11,12735,0,40736,6000,1951
ClosestPair,ON_LINE,2000,5,425800,0.425800,11,12735,0,40736,6000,1951
ClosestPair,ON_LINE,2000,6,415300,0.415300,11,12735,0,40736,6000,1951
ClosestPairBruteForce,ON_LINE,2000,0,2679000,2.679000,0,0,0,0,0,0
ClosestPairBruteForce,ON_LINE,2000,1,4045700,4.045700,0,0,0,0,0,0
ClosestPairBruteForce,ON_LINE,2000,2,2615200,2.615200,0,0,0,0,0,0
ClosestPairBruteForce,ON_LINE,2000,3,2613400,2.613400,0,0,0,0,0,0
ClosestPairBruteForce,ON_LINE,2000,4,2724800,2.724800,0,0,0,0,0,0
ClosestPairBruteForce,ON_LINE,2000,5,2643800,2.643800,0,0,0,0,0,0
ClosestPairBruteForce,ON_LINE,2000,6,2632300,2.632300,0,0,0,0,0,0
ClosestPair,ON_LINE,5000,0,1170400,1.170400,12,36009,0,112952,15000,4095
ClosestPair,ON_LINE,5000,1,1115500,1.115500,12,36009,0,112952,15000,4095
ClosestPair,ON_LINE,5000,2,1053100,1.053100,12,36009,0,112952,15000,4095
ClosestPair,ON_LINE,5000,3,1115100,1.115100,12,36009,0,112952,15000,4095
ClosestPair,ON_LINE,5000,4,1048300,1.048300,12,36009,0,112952,15000,4095
ClosestPair,ON_LINE,5000,5,1056900,1.056900,12,36009,0,112952,15000,4095
ClosestPair,ON_LINE,5000,6,1051700,1.051700,12,36009,0,112952,15000,4095
ClosestPair,ON_LINE,10000,0,2351500,2.351500,13,76923,0,245904,30000,8191
ClosestPair,ON_LINE,10000,1,2222500,2.222500,13,76923,0,245904,30000,8191
ClosestPair,ON_LINE,10000,2,2211300,2.211300,13,76923,0,245904,30000,8191
ClosestPair,ON_LINE,10000,3,2305200,2.305200,13,76923,0,245904,30000,8191
ClosestPair,ON_LINE,10000,4,2232900,2.232900,13,76923,0,245904,30000,8191
ClosestPair,ON_LINE,10000,5,2259900,2.259900,13,76923,0,245904,30000,8191
ClosestPair,ON_LINE,10000,6,2224700,2.224700,13,76923,0,245904,30000,8191
ClosestPair,ON_LINE,50000,0,13771400,13.771400,16,441151,0,1439552,150000,34463
ClosestPair,ON_LINE,50000,1,13207700,13.207700,16,441151,0,1439552,150000,34463
ClosestPair,ON_LINE,50000,2,13288600,13.288600,16,441151,0,1439552,150000,34463
ClosestPair,ON_LINE,50000,3,16968000,16.968000,16,441151,0,1439552,150000,34463
ClosestPair,ON_LINE,50000,4,13301700,13.301700,16,441151,0,1439552,150000,34463
ClosestPair,ON_LINE,50000,5,13801600,13.801600,16,441151,0,1439552,150000,34463
ClosestPair,ON_LINE,50000,6,13614300,13.614300,16,441151,0,1439552,150000,34463
ClosestPair,ON_LINE,100000,0,32954600,32.954600,17,932522,0,3079104,300000,68927
ClosestPair,ON_LINE,100000,1,28799200,28.799200,17,932522,0,3079104,300000,68927
ClosestPair,ON_LINE,100000,2,28782300,28.782300,17,932522,0,3079104,300000,68927
ClosestPair,ON_LINE,100000,3,28752800,28.752800,17,932522,0,3079104,300000,68927
ClosestPair,ON_LINE,100000,4,28443300,28.443300,17,932522,0,3079104,300000,68927
ClosestPair,ON_LINE,100000,5,28866800,28.866800,17,932522,0,3079104,300000,68927
ClosestPair,ON_LINE,100000,6,28675800,28.675800,17,932522,0,3079104,300000,68927
